,Geography,NAME,TotalFull-time.year-round civilian employed population 16 years and over,TotalFull-time.year-round civilian employed population 16 years and overAgriculture.forestry.fishing and hunting.and mining,TotalFull-time.year-round civilian employed population 16 years and overAgriculture.forestry.fishing and hunting.and miningAgriculture.forestry.fishing and hunting,TotalFull-time.year-round civilian employed population 16 years and overAgriculture.forestry.fishing and hunting.and miningMining.quarrying.and oil and gas extraction,TotalFull-time.year-round civilian employed population 16 years and overConstruction,TotalFull-time.year-round civilian employed population 16 years and overManufacturing,TotalFull-time.year-round civilian employed population 16 years and overWholesale trade,TotalFull-time.year-round civilian employed population 16 years and overRetail trade,TotalFull-time.year-round civilian employed population 16 years and overTransportation and warehousing.and utilities,TotalFull-time.year-round civilian employed population 16 years and overTransportation and warehousing.and utilitiesTransportation and warehousing,TotalFull-time.year-round civilian employed population 16 years and overTransportation and warehousing.and utilitiesUtilities,TotalFull-time.year-round civilian employed population 16 years and overInformation,TotalFull-time.year-round civilian employed population 16 years and overFinance and insurance.and real estate and rental and leasing,TotalFull-time.year-round civilian employed population 16 years and overFinance and insurance.and real estate and rental and leasingFinance and insurance,TotalFull-time.year-round civilian employed population 16 years and overFinance and insurance.and real estate and rental and leasingReal estate and rental and leasing,TotalFull-time.year-round civilian employed population 16 years and overProfessional.scientific.and management.and administrative and waste management services,TotalFull-time.year-round civilian employed population 16 years and overProfessional.scientific.and management.and administrative and waste management servicesProfessional.scientific.and technical services,TotalFull-time.year-round civilian employed population 16 years and overProfessional.scientific.and management.and administrative and waste management servicesManagement of companies and enterprises,TotalFull-time.year-round civilian employed population 16 years and overProfessional.scientific.and management.and administrative and waste management servicesAdministrative and support and waste management services,TotalFull-time.year-round civilian employed population 16 years and overEducational services.and health care and social assistance,TotalFull-time.year-round civilian employed population 16 years and overEducational services.and health care and social assistanceEducational services,TotalFull-time.year-round civilian employed population 16 years and overEducational services.and health care and social assistanceHealth care and social assistance,TotalFull-time.year-round civilian employed population 16 years and overArts.entertainment.and recreation.and accommodation and food services,TotalFull-time.year-round civilian employed population 16 years and overArts.entertainment.and recreation.and accommodation and food servicesArts.entertainment.and recreation,TotalFull-time.year-round civilian employed population 16 years and overArts.entertainment.and recreation.and accommodation and food servicesAccommodation and food services,TotalFull-time.year-round civilian employed population 16 years and overOther services.except public administration,TotalFull-time.year-round civilian employed population 16 years and overPublic administration,MaleFull-time.year-round civilian employed population 16 years and over,MaleFull-time.year-round civilian employed population 16 years and overAgriculture.forestry.fishing and hunting.and mining,MaleFull-time.year-round civilian employed population 16 years and overAgriculture.forestry.fishing and hunting.and miningAgriculture.forestry.fishing and hunting,MaleFull-time.year-round civilian employed population 16 years and overAgriculture.forestry.fishing and hunting.and miningMining.quarrying.and oil and gas extraction,MaleFull-time.year-round civilian employed population 16 years and overConstruction,MaleFull-time.year-round civilian employed population 16 years and overManufacturing,MaleFull-time.year-round civilian employed population 16 years and overWholesale trade,MaleFull-time.year-round civilian employed population 16 years and overRetail trade,MaleFull-time.year-round civilian employed population 16 years and overTransportation and warehousing.and utilities,MaleFull-time.year-round civilian employed population 16 years and overTransportation and warehousing.and utilitiesTransportation and warehousing,MaleFull-time.year-round civilian employed population 16 years and overTransportation and warehousing.and utilitiesUtilities,MaleFull-time.year-round civilian employed population 16 years and overInformation,MaleFull-time.year-round civilian employed population 16 years and overFinance and insurance.and real estate and rental and leasing,MaleFull-time.year-round civilian employed population 16 years and overFinance and insurance.and real estate and rental and leasingFinance and insurance,MaleFull-time.year-round civilian employed population 16 years and overFinance and insurance.and real estate and rental and leasingReal estate and rental and leasing,MaleFull-time.year-round civilian employed population 16 years and overProfessional.scientific.and management.and administrative and waste management services,MaleFull-time.year-round civilian employed population 16 years and overProfessional.scientific.and management.and administrative and waste management servicesProfessional.scientific.and technical services,MaleFull-time.year-round civilian employed population 16 years and overProfessional.scientific.and management.and administrative and waste management servicesManagement of companies and enterprises,MaleFull-time.year-round civilian employed population 16 years and overProfessional.scientific.and management.and administrative and waste management servicesAdministrative and support and waste management services,MaleFull-time.year-round civilian employed population 16 years and overEducational services.and health care and social assistance,MaleFull-time.year-round civilian employed population 16 years and overEducational services.and health care and social assistanceEducational services,MaleFull-time.year-round civilian employed population 16 years and overEducational services.and health care and social assistanceHealth care and social assistance,MaleFull-time.year-round civilian employed population 16 years and overArts.entertainment.and recreation.and accommodation and food services,MaleFull-time.year-round civilian employed population 16 years and overArts.entertainment.and recreation.and accommodation and food servicesArts.entertainment.and recreation,MaleFull-time.year-round civilian employed population 16 years and overArts.entertainment.and recreation.and accommodation and food servicesAccommodation and food services,MaleFull-time.year-round civilian employed population 16 years and overOther services.except public administration,MaleFull-time.year-round civilian employed population 16 years and overPublic administration,Percent MaleFull-time.year-round civilian employed population 16 years and over,Percent MaleFull-time.year-round civilian employed population 16 years and overAgriculture.forestry.fishing and hunting.and mining,Percent MaleFull-time.year-round civilian employed population 16 years and overAgriculture.forestry.fishing and hunting.and miningAgriculture.forestry.fishing and hunting,Percent MaleFull-time.year-round civilian employed population 16 years and overAgriculture.forestry.fishing and hunting.and miningMining.quarrying.and oil and gas extraction,Percent MaleFull-time.year-round civilian employed population 16 years and overConstruction,Percent MaleFull-time.year-round civilian employed population 16 years and overManufacturing,Percent MaleFull-time.year-round civilian employed population 16 years and overWholesale trade,Percent MaleFull-time.year-round civilian employed population 16 years and overRetail trade,Percent MaleFull-time.year-round civilian employed population 16 years and overTransportation and warehousing.and utilities,Percent MaleFull-time.year-round civilian employed population 16 years and overTransportation and warehousing.and utilitiesTransportation and warehousing,Percent MaleFull-time.year-round civilian employed population 16 years and overTransportation and warehousing.and utilitiesUtilities,Percent MaleFull-time.year-round civilian employed population 16 years and overInformation,Percent MaleFull-time.year-round civilian employed population 16 years and overFinance and insurance.and real estate and rental and leasing,Percent MaleFull-time.year-round civilian employed population 16 years and overFinance and insurance.and real estate and rental and leasingFinance and insurance,Percent MaleFull-time.year-round civilian employed population 16 years and overFinance and insurance.and real estate and rental and leasingReal estate and rental and leasing,Percent MaleFull-time.year-round civilian employed population 16 years and overProfessional.scientific.and management.and administrative and waste management services,Percent MaleFull-time.year-round civilian employed population 16 years and overProfessional.scientific.and management.and administrative and waste management servicesProfessional.scientific.and technical services,Percent MaleFull-time.year-round civilian employed population 16 years and overProfessional.scientific.and management.and administrative and waste management servicesManagement of companies and enterprises,Percent MaleFull-time.year-round civilian employed population 16 years and overProfessional.scientific.and management.and administrative and waste management servicesAdministrative and support and waste management services,Percent MaleFull-time.year-round civilian employed population 16 years and overEducational services.and health care and social assistance,Percent MaleFull-time.year-round civilian employed population 16 years and overEducational services.and health care and social assistanceEducational services,Percent MaleFull-time.year-round civilian employed population 16 years and overEducational services.and health care and social assistanceHealth care and social assistance,Percent MaleFull-time.year-round civilian employed population 16 years and overArts.entertainment.and recreation.and accommodation and food services,Percent MaleFull-time.year-round civilian employed population 16 years and overArts.entertainment.and recreation.and accommodation and food servicesArts.entertainment.and recreation,Percent MaleFull-time.year-round civilian employed population 16 years and overArts.entertainment.and recreation.and accommodation and food servicesAccommodation and food services,Percent MaleFull-time.year-round civilian employed population 16 years and overOther services.except public administration,Percent MaleFull-time.year-round civilian employed population 16 years and overPublic administration,FemaleFull-time.year-round civilian employed population 16 years and over,FemaleFull-time.year-round civilian employed population 16 years and overAgriculture.forestry.fishing and hunting.and mining,FemaleFull-time.year-round civilian employed population 16 years and overAgriculture.forestry.fishing and hunting.and miningAgriculture.forestry.fishing and hunting,FemaleFull-time.year-round civilian employed population 16 years and overAgriculture.forestry.fishing and hunting.and miningMining.quarrying.and oil and gas extraction,FemaleFull-time.year-round civilian employed population 16 years and overConstruction,FemaleFull-time.year-round civilian employed population 16 years and overManufacturing,FemaleFull-time.year-round civilian employed population 16 years and overWholesale trade,FemaleFull-time.year-round civilian employed population 16 years and overRetail trade,FemaleFull-time.year-round civilian employed population 16 years and overTransportation and warehousing.and utilities,FemaleFull-time.year-round civilian employed population 16 years and overTransportation and warehousing.and utilitiesTransportation and warehousing,FemaleFull-time.year-round civilian employed population 16 years and overTransportation and warehousing.and utilitiesUtilities,FemaleFull-time.year-round civilian employed population 16 years and overInformation,FemaleFull-time.year-round civilian employed population 16 years and overFinance and insurance.and real estate and rental and leasing,FemaleFull-time.year-round civilian employed population 16 years and overFinance and insurance.and real estate and rental and leasingFinance and insurance,FemaleFull-time.year-round civilian employed population 16 years and overFinance and insurance.and real estate and rental and leasingReal estate and rental and leasing,FemaleFull-time.year-round civilian employed population 16 years and overProfessional.scientific.and management.and administrative and waste management services,FemaleFull-time.year-round civilian employed population 16 years and overProfessional.scientific.and management.and administrative and waste management servicesProfessional.scientific.and technical services,FemaleFull-time.year-round civilian employed population 16 years and overProfessional.scientific.and management.and administrative and waste management servicesManagement of companies and enterprises,FemaleFull-time.year-round civilian employed population 16 years and overProfessional.scientific.and management.and administrative and waste management servicesAdministrative and support and waste management services,FemaleFull-time.year-round civilian employed population 16 years and overEducational services.and health care and social assistance,FemaleFull-time.year-round civilian employed population 16 years and overEducational services.and health care and social assistanceEducational services,FemaleFull-time.year-round civilian employed population 16 years and overEducational services.and health care and social assistanceHealth care and social assistance,FemaleFull-time.year-round civilian employed population 16 years and overArts.entertainment.and recreation.and accommodation and food services,FemaleFull-time.year-round civilian employed population 16 years and overArts.entertainment.and recreation.and accommodation and food servicesArts.entertainment.and recreation,FemaleFull-time.year-round civilian employed population 16 years and overArts.entertainment.and recreation.and accommodation and food servicesAccommodation and food services,FemaleFull-time.year-round civilian employed population 16 years and overOther services.except public administration,FemaleFull-time.year-round civilian employed population 16 years and overPublic administration,Percent FemaleFull-time.year-round civilian employed population 16 years and over,Percent FemaleFull-time.year-round civilian employed population 16 years and overAgriculture.forestry.fishing and hunting.and mining,Percent FemaleFull-time.year-round civilian employed population 16 years and overAgriculture.forestry.fishing and hunting.and miningAgriculture.forestry.fishing and hunting,Percent FemaleFull-time.year-round civilian employed population 16 years and overAgriculture.forestry.fishing and hunting.and miningMining.quarrying.and oil and gas extraction,Percent FemaleFull-time.year-round civilian employed population 16 years and overConstruction,Percent FemaleFull-time.year-round civilian employed population 16 years and overManufacturing,Percent FemaleFull-time.year-round civilian employed population 16 years and overWholesale trade,Percent FemaleFull-time.year-round civilian employed population 16 years and overRetail trade,Percent FemaleFull-time.year-round civilian employed population 16 years and overTransportation and warehousing.and utilities,Percent FemaleFull-time.year-round civilian employed population 16 years and overTransportation and warehousing.and utilitiesTransportation and warehousing,Percent FemaleFull-time.year-round civilian employed population 16 years and overTransportation and warehousing.and utilitiesUtilities,Percent FemaleFull-time.year-round civilian employed population 16 years and overInformation,Percent FemaleFull-time.year-round civilian employed population 16 years and overFinance and insurance.and real estate and rental and leasing,Percent FemaleFull-time.year-round civilian employed population 16 years and overFinance and insurance.and real estate and rental and leasingFinance and insurance,Percent FemaleFull-time.year-round civilian employed population 16 years and overFinance and insurance.and real estate and rental and leasingReal estate and rental and leasing,Percent FemaleFull-time.year-round civilian employed population 16 years and overProfessional.scientific.and management.and administrative and waste management services,Percent FemaleFull-time.year-round civilian employed population 16 years and overProfessional.scientific.and management.and administrative and waste management servicesProfessional.scientific.and technical services,Percent FemaleFull-time.year-round civilian employed population 16 years and overProfessional.scientific.and management.and administrative and waste management servicesManagement of companies and enterprises,Percent FemaleFull-time.year-round civilian employed population 16 years and overProfessional.scientific.and management.and administrative and waste management servicesAdministrative and support and waste management services,Percent FemaleFull-time.year-round civilian employed population 16 years and overEducational services.and health care and social assistance,Percent FemaleFull-time.year-round civilian employed population 16 years and overEducational services.and health care and social assistanceEducational services,Percent FemaleFull-time.year-round civilian employed population 16 years and overEducational services.and health care and social assistanceHealth care and social assistance,Percent FemaleFull-time.year-round civilian employed population 16 years and overArts.entertainment.and recreation.and accommodation and food services,Percent FemaleFull-time.year-round civilian employed population 16 years and overArts.entertainment.and recreation.and accommodation and food servicesArts.entertainment.and recreation,Percent FemaleFull-time.year-round civilian employed population 16 years and overArts.entertainment.and recreation.and accommodation and food servicesAccommodation and food services,Percent FemaleFull-time.year-round civilian employed population 16 years and overOther services.except public administration,Percent FemaleFull-time.year-round civilian employed population 16 years and overPublic administration,state,State
1,0500000US17001,Adams County,23802,752,624,128,1177,4022,1331,2571,1410,1216,194,321,1416,1291,125,1293,1032,2,259,5910,1860,4050,1399,240,1159,1053,1147,13223,690,571,119,1129,3152,830,1436,1189,1032,157,232,389,339,50,690,536,0,154,1409,518,891,704,176,528,551,822,55.6,91.8,91.5,93.0,95.9,78.4,62.4,55.9,84.3,84.9,80.9,72.3,27.5,26.3,40.0,53.4,51.9,0.0,59.5,23.8,27.8,22.0,50.3,73.3,45.6,52.3,71.7,10579,62,53,9,48,870,501,1135,221,184,37,89,1027,952,75,603,496,2,105,4501,1342,3159,695,64,631,502,325,44.4,8.2,8.5,7.0,4.1,21.6,37.6,44.1,15.7,15.1,19.1,27.7,72.5,73.7,60.0,46.6,48.1,100.0,40.5,76.2,72.2,78.0,49.7,26.7,54.4,47.7,28.3,17|001,Illinois
2,0500000US17003,Alexander County,1113,49,21,28,75,119,86,96,107,91,16,12,41,12,29,59,26,0,33,302,120,182,58,3,55,19,90,625,45,17,28,68,80,80,43,69,66,3,9,10,1,9,34,8,0,26,79,52,27,39,3,36,18,51,56.2,91.8,81.0,100.0,90.7,67.2,93.0,44.8,64.5,72.5,18.8,75.0,24.4,8.3,31.0,57.6,30.8,,78.8,26.2,43.3,14.8,67.2,100.0,65.5,94.7,56.7,488,4,4,0,7,39,6,53,38,25,13,3,31,11,20,25,18,0,7,223,68,155,19,0,19,1,39,43.8,8.2,19.0,0.0,9.3,32.8,7.0,55.2,35.5,27.5,81.3,25.0,75.6,91.7,69.0,42.4,69.2,,21.2,73.8,56.7,85.2,32.8,0.0,34.5,5.3,43.3,17|003,Illinois
3,0500000US17005,Bond County,4499,134,132,2,338,654,238,425,467,416,51,86,262,185,77,325,192,0,133,1116,589,527,92,0,92,191,171,2468,113,111,2,295,396,152,213,394,347,47,30,94,52,42,210,94,0,116,324,267,57,40,0,40,152,55,54.9,84.3,84.1,100.0,87.3,60.6,63.9,50.1,84.4,83.4,92.2,34.9,35.9,28.1,54.5,64.6,49.0,,87.2,29.0,45.3,10.8,43.5,,43.5,79.6,32.2,2031,21,21,0,43,258,86,212,73,69,4,56,168,133,35,115,98,0,17,792,322,470,52,0,52,39,116,45.1,15.7,15.9,0.0,12.7,39.4,36.1,49.9,15.6,16.6,7.8,65.1,64.1,71.9,45.5,35.4,51.0,,12.8,71.0,54.7,89.2,56.5,,56.5,20.4,67.8,17|005,Illinois
4,0500000US17007,Boone County,17856,291,236,55,1138,5048,697,1678,1122,1061,61,228,957,771,186,1301,674,0,627,2939,1008,1931,853,192,661,840,764,10784,217,217,0,1009,3618,405,873,747,718,29,178,278,187,91,932,481,0,451,917,366,551,398,164,234,633,579,60.4,74.6,91.9,0.0,88.7,71.7,58.1,52.0,66.6,67.7,47.5,78.1,29.0,24.3,48.9,71.6,71.4,,71.9,31.2,36.3,28.5,46.7,85.4,35.4,75.4,75.8,7072,74,19,55,129,1430,292,805,375,343,32,50,679,584,95,369,193,0,176,2022,642,1380,455,28,427,207,185,39.6,25.4,8.1,100.0,11.3,28.3,41.9,48.0,33.4,32.3,52.5,21.9,71.0,75.7,51.1,28.4,28.6,,28.1,68.8,63.7,71.5,53.3,14.6,64.6,24.6,24.2,17|007,Illinois
5,0500000US17009,Brown County,1888,94,79,15,163,104,532,159,122,116,6,0,44,44,0,87,26,21,40,330,37,293,107,11,96,26,120,1022,94,79,15,130,83,272,71,107,101,6,0,21,21,0,42,13,11,18,57,13,44,52,0,52,15,78,54.1,100.0,100.0,100.0,79.8,79.8,51.1,44.7,87.7,87.1,100.0,,47.7,47.7,,48.3,50.0,52.4,45.0,17.3,35.1,15.0,48.6,0.0,54.2,57.7,65.0,866,0,0,0,33,21,260,88,15,15,0,0,23,23,0,45,13,10,22,273,24,249,55,11,44,11,42,45.9,0.0,0.0,0.0,20.2,20.2,48.9,55.3,12.3,12.9,0.0,,52.3,52.3,,51.7,50.0,47.6,55.0,82.7,64.9,85.0,51.4,100.0,45.8,42.3,35.0,17|009,Illinois
6,0500000US17011,Bureau County,10563,541,489,52,678,2141,458,1425,896,741,155,74,383,319,64,430,224,0,206,2321,930,1391,410,40,370,349,457,6271,479,435,44,601,1624,288,827,771,637,134,51,162,112,50,297,158,0,139,432,207,225,230,22,208,265,244,59.4,88.5,89.0,84.6,88.6,75.9,62.9,58.0,86.0,86.0,86.5,68.9,42.3,35.1,78.1,69.1,70.5,,67.5,18.6,22.3,16.2,56.1,55.0,56.2,75.9,53.4,4292,62,54,8,77,517,170,598,125,104,21,23,221,207,14,133,66,0,67,1889,723,1166,180,18,162,84,213,40.6,11.5,11.0,15.4,11.4,24.1,37.1,42.0,14.0,14.0,13.5,31.1,57.7,64.9,21.9,30.9,29.5,,32.5,81.4,77.7,83.8,43.9,45.0,43.8,24.1,46.6,17|011,Illinois
7,0500000US17013,Calhoun County,1293,203,197,6,93,102,3,54,56,53,3,1,85,76,9,112,41,0,71,424,117,307,50,30,20,68,42,697,195,189,6,88,88,3,27,42,39,3,1,30,21,9,72,12,0,60,43,36,7,13,12,1,66,29,53.9,96.1,95.9,100.0,94.6,86.3,100.0,50.0,75.0,73.6,100.0,100.0,35.3,27.6,100.0,64.3,29.3,,84.5,10.1,30.8,2.3,26.0,40.0,5.0,97.1,69.0,596,8,8,0,5,14,0,27,14,14,0,0,55,55,0,40,29,0,11,381,81,300,37,18,19,2,13,46.1,3.9,4.1,0.0,5.4,13.7,0.0,50.0,25.0,26.4,0.0,0.0,64.7,72.4,0.0,35.7,70.7,,15.5,89.9,69.2,97.7,74.0,60.0,95.0,2.9,31.0,17|013,Illinois
8,0500000US17015,Carroll County,4406,320,309,11,208,1244,157,298,284,233,51,100,199,189,10,247,124,0,123,828,216,612,145,43,102,180,196,2463,286,278,8,171,861,122,130,260,209,51,58,56,46,10,112,54,0,58,78,32,46,80,37,43,137,112,55.9,89.4,90.0,72.7,82.2,69.2,77.7,43.6,91.5,89.7,100.0,58.0,28.1,24.3,100.0,45.3,43.5,,47.2,9.4,14.8,7.5,55.2,86.0,42.2,76.1,57.1,1943,34,31,3,37,383,35,168,24,24,0,42,143,143,0,135,70,0,65,750,184,566,65,6,59,43,84,44.1,10.6,10.0,27.3,17.8,30.8,22.3,56.4,8.5,10.3,0.0,42.0,71.9,75.7,0.0,54.7,56.5,,52.8,90.6,85.2,92.5,44.8,14.0,57.8,23.9,42.9,17|015,Illinois
9,0500000US17017,Cass County,4112,243,224,19,205,1122,188,310,303,233,70,110,295,264,31,192,77,0,115,718,264,454,80,18,62,106,240,2399,189,170,19,182,807,154,160,277,220,57,67,98,80,18,67,32,0,35,119,45,74,51,7,44,82,146,58.3,77.8,75.9,100.0,88.8,71.9,81.9,51.6,91.4,94.4,81.4,60.9,33.2,30.3,58.1,34.9,41.6,,30.4,16.6,17.0,16.3,63.8,38.9,71.0,77.4,60.8,1713,54,54,0,23,315,34,150,26,13,13,43,197,184,13,125,45,0,80,599,219,380,29,11,18,24,94,41.7,22.2,24.1,0.0,11.2,28.1,18.1,48.4,8.6,5.6,18.6,39.1,66.8,69.7,41.9,65.1,58.4,,69.6,83.4,83.0,83.7,36.3,61.1,29.0,22.6,39.2,17|017,Illinois
10,0500000US17019,Champaign County,65071,899,899,0,2859,6008,1401,5436,3443,3038,405,1849,3675,2512,1163,6002,4261,10,1731,26141,16280,9861,3119,476,2643,2417,1822,35858,815,815,0,2527,4470,1108,3304,2577,2274,303,973,1712,1040,672,3856,2565,0,1291,10325,7973,2352,1696,216,1480,1494,1001,55.1,90.7,90.7,,88.4,74.4,79.1,60.8,74.8,74.9,74.8,52.6,46.6,41.4,57.8,64.2,60.2,0.0,74.6,39.5,49.0,23.9,54.4,45.4,56.0,61.8,54.9,29213,84,84,0,332,1538,293,2132,866,764,102,876,1963,1472,491,2146,1696,10,440,15816,8307,7509,1423,260,1163,923,821,44.9,9.3,9.3,,11.6,25.6,20.9,39.2,25.2,25.1,25.2,47.4,53.4,58.6,42.2,35.8,39.8,100.0,25.4,60.5,51.0,76.1,45.6,54.6,44.0,38.2,45.1,17|019,Illinois
11,0500000US17021,Christian County,10615,503,446,57,700,1473,388,898,635,435,200,311,653,498,155,466,276,12,178,2534,664,1870,361,23,338,423,1270,5925,406,358,48,617,1107,321,497,554,385,169,209,221,197,24,268,141,7,120,543,220,323,187,23,164,328,667,55.8,80.7,80.3,84.2,88.1,75.2,82.7,55.3,87.2,88.5,84.5,67.2,33.8,39.6,15.5,57.5,51.1,58.3,67.4,21.4,33.1,17.3,51.8,100.0,48.5,77.5,52.5,4690,97,88,9,83,366,67,401,81,50,31,102,432,301,131,198,135,5,58,1991,444,1547,174,0,174,95,603,44.2,19.3,19.7,15.8,11.9,24.8,17.3,44.7,12.8,11.5,15.5,32.8,66.2,60.4,84.5,42.5,48.9,41.7,32.6,78.6,66.9,82.7,48.2,0.0,51.5,22.5,47.5,17|021,Illinois
12,0500000US17023,Clark County,5086,330,210,120,467,1181,170,258,311,273,38,115,236,187,49,276,222,0,54,1254,600,654,80,0,80,115,293,3020,278,210,68,440,816,152,135,306,268,38,84,28,12,16,170,116,0,54,304,218,86,18,0,18,86,203,59.4,84.2,100.0,56.7,94.2,69.1,89.4,52.3,98.4,98.2,100.0,73.0,11.9,6.4,32.7,61.6,52.3,,100.0,24.2,36.3,13.1,22.5,,22.5,74.8,69.3,2066,52,0,52,27,365,18,123,5,5,0,31,208,175,33,106,106,0,0,950,382,568,62,0,62,29,90,40.6,15.8,0.0,43.3,5.8,30.9,10.6,47.7,1.6,1.8,0.0,27.0,88.1,93.6,67.3,38.4,47.7,,0.0,75.8,63.7,86.9,77.5,,77.5,25.2,30.7,17|023,Illinois
13,0500000US17025,Clay County,4146,448,335,113,234,1094,61,422,147,103,44,17,224,194,30,108,100,0,8,932,344,588,97,3,94,202,160,2378,404,293,111,230,687,55,251,142,101,41,17,46,29,17,44,36,0,8,236,154,82,18,0,18,158,90,57.4,90.2,87.5,98.2,98.3,62.8,90.2,59.5,96.6,98.1,93.2,100.0,20.5,14.9,56.7,40.7,36.0,,100.0,25.3,44.8,13.9,18.6,0.0,19.1,78.2,56.3,1768,44,42,2,4,407,6,171,5,2,3,0,178,165,13,64,64,0,0,696,190,506,79,3,76,44,70,42.6,9.8,12.5,1.8,1.7,37.2,9.8,40.5,3.4,1.9,6.8,0.0,79.5,85.1,43.3,59.3,64.0,,0.0,74.7,55.2,86.1,81.4,100.0,80.9,21.8,43.8,17|025,Illinois
14,0500000US17027,Clinton County,13292,596,538,58,1411,1805,342,1114,747,573,174,186,1010,873,137,1224,866,93,265,2886,851,2035,436,43,393,402,1133,7629,514,456,58,1213,1284,284,629,624,506,118,146,446,355,91,696,437,24,235,542,276,266,261,33,228,229,761,57.4,86.2,84.8,100.0,86.0,71.1,83.0,56.5,83.5,88.3,67.8,78.5,44.2,40.7,66.4,56.9,50.5,25.8,88.7,18.8,32.4,13.1,59.9,76.7,58.0,57.0,67.2,5663,82,82,0,198,521,58,485,123,67,56,40,564,518,46,528,429,69,30,2344,575,1769,175,10,165,173,372,42.6,13.8,15.2,0.0,14.0,28.9,17.0,43.5,16.5,11.7,32.2,21.5,55.8,59.3,33.6,43.1,49.5,74.2,11.3,81.2,67.6,86.9,40.1,23.3,42.0,43.0,32.8,17|027,Illinois
15,0500000US17029,Coles County,14210,357,333,24,840,2764,272,1629,596,502,94,425,700,471,229,735,561,0,174,3858,1504,2354,678,62,616,855,501,7683,349,325,24,810,2019,237,787,432,352,80,268,182,74,108,440,335,0,105,1053,564,489,271,51,220,588,247,54.1,97.8,97.6,100.0,96.4,73.0,87.1,48.3,72.5,70.1,85.1,63.1,26.0,15.7,47.2,59.9,59.7,,60.3,27.3,37.5,20.8,40.0,82.3,35.7,68.8,49.3,6527,8,8,0,30,745,35,842,164,150,14,157,518,397,121,295,226,0,69,2805,940,1865,407,11,396,267,254,45.9,2.2,2.4,0.0,3.6,27.0,12.9,51.7,27.5,29.9,14.9,36.9,74.0,84.3,52.8,40.1,40.3,,39.7,72.7,62.5,79.2,60.0,17.7,64.3,31.2,50.7,17|029,Illinois
16,0500000US17031,Cook County,1886293,3532,2703,829,90043,211577,57207,141734,141315,130290,11025,40575,184003,141586,42417,314018,227959,3922,82137,412084,156430,255654,126958,27642,99316,81249,81998,1045856,2521,1894,627,81652,145882,37390,82999,104843,96818,8025,23531,99757,74343,25414,183699,132631,1847,49221,121185,55135,66050,73192,15329,57863,42245,46960,55.4,71.4,70.1,75.6,90.7,68.9,65.4,58.6,74.2,74.3,72.8,58.0,54.2,52.5,59.9,58.5,58.2,47.1,59.9,29.4,35.2,25.8,57.7,55.5,58.3,52.0,57.3,840437,1011,809,202,8391,65695,19817,58735,36472,33472,3000,17044,84246,67243,17003,130319,95328,2075,32916,290899,101295,189604,53766,12313,41453,39004,35038,44.6,28.6,29.9,24.4,9.3,31.1,34.6,41.4,25.8,25.7,27.2,42.0,45.8,47.5,40.1,41.5,41.8,52.9,40.1,70.6,64.8,74.2,42.3,44.5,41.7,48.0,42.7,17|031,Illinois
17,0500000US17033,Crawford County,5268,217,141,76,457,1351,85,404,261,189,72,50,260,241,19,200,93,0,107,1204,410,794,103,13,90,315,361,3032,198,130,68,442,1045,64,214,159,93,66,16,80,72,8,122,28,0,94,283,172,111,40,13,27,125,244,57.6,91.2,92.2,89.5,96.7,77.4,75.3,53.0,60.9,49.2,91.7,32.0,30.8,29.9,42.1,61.0,30.1,,87.9,23.5,42.0,14.0,38.8,100.0,30.0,39.7,67.6,2236,19,11,8,15,306,21,190,102,96,6,34,180,169,11,78,65,0,13,921,238,683,63,0,63,190,117,42.4,8.8,7.8,10.5,3.3,22.6,24.7,47.0,39.1,50.8,8.3,68.0,69.2,70.1,57.9,39.0,69.9,,12.1,76.5,58.0,86.0,61.2,0.0,70.0,60.3,32.4,17|033,Illinois
18,0500000US17035,Cumberland County,3982,131,104,27,302,919,303,539,182,145,37,11,235,170,65,196,120,3,73,789,302,487,157,28,129,73,145,2377,127,100,27,296,614,277,409,173,138,35,11,76,55,21,114,89,0,25,135,65,70,38,17,21,36,71,59.7,96.9,96.2,100.0,98.0,66.8,91.4,75.9,95.1,95.2,94.6,100.0,32.3,32.4,32.3,58.2,74.2,0.0,34.2,17.1,21.5,14.4,24.2,60.7,16.3,49.3,49.0,1605,4,4,0,6,305,26,130,9,7,2,0,159,115,44,82,31,3,48,654,237,417,119,11,108,37,74,40.3,3.1,3.8,0.0,2.0,33.2,8.6,24.1,4.9,4.8,5.4,0.0,67.7,67.6,67.7,41.8,25.8,100.0,65.8,82.9,78.5,85.6,75.8,39.3,83.7,50.7,51.0,17|035,Illinois
19,0500000US17037,DeKalb County,32467,735,644,91,2322,4854,1075,2818,2579,2132,447,679,1528,1072,456,3187,1932,127,1128,8546,4176,4370,2003,421,1582,763,1378,18724,610,541,69,2128,3899,814,1731,2033,1703,330,366,724,410,314,1657,999,60,598,2426,1612,814,1217,320,897,368,751,57.7,83.0,84.0,75.8,91.6,80.3,75.7,61.4,78.8,79.9,73.8,53.9,47.4,38.2,68.9,52.0,51.7,47.2,53.0,28.4,38.6,18.6,60.8,76.0,56.7,48.2,54.5,13743,125,103,22,194,955,261,1087,546,429,117,313,804,662,142,1530,933,67,530,6120,2564,3556,786,101,685,395,627,42.3,17.0,16.0,24.2,8.4,19.7,24.3,38.6,21.2,20.1,26.2,46.1,52.6,61.8,31.1,48.0,48.3,52.8,47.0,71.6,61.4,81.4,39.2,24.0,43.3,51.8,45.5,17|037,Illinois
20,0500000US17039,De Witt County,5360,225,225,0,488,801,146,472,479,357,122,68,660,591,69,310,100,3,207,999,629,370,187,18,169,330,195,3190,211,211,0,465,605,108,187,355,265,90,62,307,246,61,170,23,0,147,265,175,90,126,17,109,212,117,59.5,93.8,93.8,,95.3,75.5,74.0,39.6,74.1,74.2,73.8,91.2,46.5,41.6,88.4,54.8,23.0,0.0,71.0,26.5,27.8,24.3,67.4,94.4,64.5,64.2,60.0,2170,14,14,0,23,196,38,285,124,92,32,6,353,345,8,140,77,3,60,734,454,280,61,1,60,118,78,40.5,6.2,6.2,,4.7,24.5,26.0,60.4,25.9,25.8,26.2,8.8,53.5,58.4,11.6,45.2,77.0,100.0,29.0,73.5,72.2,75.7,32.6,5.6,35.5,35.8,40.0,17|039,Illinois
21,0500000US17041,Douglas County,6916,255,247,8,494,2012,246,615,358,318,40,85,356,332,24,229,168,6,55,1515,682,833,307,16,291,242,202,4308,253,245,8,490,1717,182,263,299,262,37,64,144,122,22,132,94,6,32,326,228,98,193,16,177,138,107,62.3,99.2,99.2,100.0,99.2,85.3,74.0,42.8,83.5,82.4,92.5,75.3,40.4,36.7,91.7,57.6,56.0,100.0,58.2,21.5,33.4,11.8,62.9,100.0,60.8,57.0,53.0,2608,2,2,0,4,295,64,352,59,56,3,21,212,210,2,97,74,0,23,1189,454,735,114,0,114,104,95,37.7,0.8,0.8,0.0,0.8,14.7,26.0,57.2,16.5,17.6,7.5,24.7,59.6,63.3,8.3,42.4,44.0,0.0,41.8,78.5,66.6,88.2,37.1,0.0,39.2,43.0,47.0,17|041,Illinois
22,0500000US17043,DuPage County,353626,1113,758,355,18512,52129,16070,28293,22923,20725,2198,7742,38118,30810,7308,59159,45070,1492,12597,68209,27846,40363,18976,4780,14196,13303,9079,207635,859,545,314,16618,37067,10431,16840,17500,15770,1730,4873,21492,16928,4564,38162,29796,835,7531,20678,9343,11335,10993,2673,8320,6496,5626,58.7,77.2,71.9,88.5,89.8,71.1,64.9,59.5,76.3,76.1,78.7,62.9,56.4,54.9,62.5,64.5,66.1,56.0,59.8,30.3,33.6,28.1,57.9,55.9,58.6,48.8,62.0,145991,254,213,41,1894,15062,5639,11453,5423,4955,468,2869,16626,13882,2744,20997,15274,657,5066,47531,18503,29028,7983,2107,5876,6807,3453,41.3,22.8,28.1,11.5,10.2,28.9,35.1,40.5,23.7,23.9,21.3,37.1,43.6,45.1,37.5,35.5,33.9,44.0,40.2,69.7,66.4,71.9,42.1,44.1,41.4,51.2,38.0,17|043,Illinois
23,0500000US17045,Edgar County,5431,309,299,10,310,1499,69,443,317,234,83,8,281,266,15,341,225,0,116,1288,323,965,99,9,90,212,255,3145,276,266,10,279,1060,60,222,298,225,73,6,48,38,10,223,116,0,107,290,124,166,40,9,31,157,186,57.9,89.3,89.0,100.0,90.0,70.7,87.0,50.1,94.0,96.2,88.0,75.0,17.1,14.3,66.7,65.4,51.6,,92.2,22.5,38.4,17.2,40.4,100.0,34.4,74.1,72.9,2286,33,33,0,31,439,9,221,19,9,10,2,233,228,5,118,109,0,9,998,199,799,59,0,59,55,69,42.1,10.7,11.0,0.0,10.0,29.3,13.0,49.9,6.0,3.8,12.0,25.0,82.9,85.7,33.3,34.6,48.4,,7.8,77.5,61.6,82.8,59.6,0.0,65.6,25.9,27.1,17|045,Illinois
24,0500000US17047,Edwards County,2028,265,206,59,85,613,47,131,141,121,20,2,42,39,3,91,22,0,69,357,122,235,61,11,50,108,85,1165,214,155,59,78,355,37,68,103,88,15,2,10,7,3,50,12,0,38,71,28,43,37,11,26,83,57,57.4,80.8,75.2,100.0,91.8,57.9,78.7,51.9,73.0,72.7,75.0,100.0,23.8,17.9,100.0,54.9,54.5,,55.1,19.9,23.0,18.3,60.7,100.0,52.0,76.9,67.1,863,51,51,0,7,258,10,63,38,33,5,0,32,32,0,41,10,0,31,286,94,192,24,0,24,25,28,42.6,19.2,24.8,0.0,8.2,42.1,21.3,48.1,27.0,27.3,25.0,0.0,76.2,82.1,0.0,45.1,45.5,,44.9,80.1,77.0,81.7,39.3,0.0,48.0,23.1,32.9,17|047,Illinois
25,0500000US17049,Effingham County,12888,556,542,14,888,2254,700,1438,918,736,182,110,574,435,139,725,494,63,168,2721,768,1953,814,64,750,727,463,7705,492,478,14,850,1754,497,948,749,571,178,56,164,133,31,446,274,56,116,576,238,338,363,37,326,530,280,59.8,88.5,88.2,100.0,95.7,77.8,71.0,65.9,81.6,77.6,97.8,50.9,28.6,30.6,22.3,61.5,55.5,88.9,69.0,21.2,31.0,17.3,44.6,57.8,43.5,72.9,60.5,5183,64,64,0,38,500,203,490,169,165,4,54,410,302,108,279,220,7,52,2145,530,1615,451,27,424,197,183,40.2,11.5,11.8,0.0,4.3,22.2,29.0,34.1,18.4,22.4,2.2,49.1,71.4,69.4,77.7,38.5,44.5,11.1,31.0,78.8,69.0,82.7,55.4,42.2,56.5,27.1,39.5,17|049,Illinois
26,0500000US17051,Fayette County,5840,495,455,40,455,889,124,711,384,294,90,40,216,209,7,265,150,0,115,1133,270,863,258,47,211,352,518,3359,473,444,29,441,646,96,411,248,184,64,39,47,40,7,165,74,0,91,215,58,157,48,9,39,262,268,57.5,95.6,97.6,72.5,96.9,72.7,77.4,57.8,64.6,62.6,71.1,97.5,21.8,19.1,100.0,62.3,49.3,,79.1,19.0,21.5,18.2,18.6,19.1,18.5,74.4,51.7,2481,22,11,11,14,243,28,300,136,110,26,1,169,169,0,100,76,0,24,918,212,706,210,38,172,90,250,42.5,4.4,2.4,27.5,3.1,27.3,22.6,42.2,35.4,37.4,28.9,2.5,78.2,80.9,0.0,37.7,50.7,,20.9,81.0,78.5,81.8,81.4,80.9,81.5,25.6,48.3,17|051,Illinois
27,0500000US17053,Ford County,4636,310,310,0,426,595,151,600,313,170,143,43,337,246,91,281,145,7,129,1218,557,661,93,9,84,139,130,2628,308,308,0,413,450,129,324,281,138,143,30,106,59,47,164,85,0,79,229,127,102,54,9,45,64,76,56.7,99.4,99.4,,96.9,75.6,85.4,54.0,89.8,81.2,100.0,69.8,31.5,24.0,51.6,58.4,58.6,0.0,61.2,18.8,22.8,15.4,58.1,100.0,53.6,46.0,58.5,2008,2,2,0,13,145,22,276,32,32,0,13,231,187,44,117,60,7,50,989,430,559,39,0,39,75,54,43.3,0.6,0.6,,3.1,24.4,14.6,46.0,10.2,18.8,0.0,30.2,68.5,76.0,48.4,41.6,41.4,100.0,38.8,81.2,77.2,84.6,41.9,0.0,46.4,54.0,41.5,17|053,Illinois
28,0500000US17055,Franklin County,10830,720,246,474,710,1682,343,1232,735,553,182,36,662,540,122,374,173,1,200,2816,899,1917,386,61,325,475,659,6305,663,218,445,668,1473,285,626,613,439,174,26,166,100,66,235,81,0,154,528,241,287,224,44,180,347,451,58.2,92.1,88.6,93.9,94.1,87.6,83.1,50.8,83.4,79.4,95.6,72.2,25.1,18.5,54.1,62.8,46.8,0.0,77.0,18.8,26.8,15.0,58.0,72.1,55.4,73.1,68.4,4525,57,28,29,42,209,58,606,122,114,8,10,496,440,56,139,92,1,46,2288,658,1630,162,17,145,128,208,41.8,7.9,11.4,6.1,5.9,12.4,16.9,49.2,16.6,20.6,4.4,27.8,74.9,81.5,45.9,37.2,53.2,100.0,23.0,81.3,73.2,85.0,42.0,27.9,44.6,26.9,31.6,17|055,Illinois
29,0500000US17057,Fulton County,9869,440,419,21,784,1667,304,947,568,461,107,134,463,407,56,550,176,42,332,2702,883,1819,283,86,197,356,671,5342,391,370,21,716,1264,240,459,468,372,96,36,132,92,40,346,120,38,188,602,250,352,129,33,96,166,393,54.1,88.9,88.3,100.0,91.3,75.8,78.9,48.5,82.4,80.7,89.7,26.9,28.5,22.6,71.4,62.9,68.2,90.5,56.6,22.3,28.3,19.4,45.6,38.4,48.7,46.6,58.6,4527,49,49,0,68,403,64,488,100,89,11,98,331,315,16,204,56,4,144,2100,633,1467,154,53,101,190,278,45.9,11.1,11.7,0.0,8.7,24.2,21.1,51.5,17.6,19.3,10.3,73.1,71.5,77.4,28.6,37.1,31.8,9.5,43.4,77.7,71.7,80.6,54.4,61.6,51.3,53.4,41.4,17|057,Illinois
30,0500000US17059,Gallatin County,1480,147,121,26,83,231,60,257,162,136,26,5,34,28,6,75,58,0,17,278,98,180,25,0,25,24,99,933,130,104,26,68,224,60,158,149,123,26,0,11,5,6,55,38,0,17,35,14,21,0,0,0,10,33,63.0,88.4,86.0,100.0,81.9,97.0,100.0,61.5,92.0,90.4,100.0,0.0,32.4,17.9,100.0,73.3,65.5,,100.0,12.6,14.3,11.7,0.0,,0.0,41.7,33.3,547,17,17,0,15,7,0,99,13,13,0,5,23,23,0,20,20,0,0,243,84,159,25,0,25,14,66,37.0,11.6,14.0,0.0,18.1,3.0,0.0,38.5,8.0,9.6,0.0,100.0,67.6,82.1,0.0,26.7,34.5,,0.0,87.4,85.7,88.3,100.0,,100.0,58.3,66.7,17|059,Illinois
31,0500000US17061,Greene County,3774,326,271,55,346,582,109,373,264,210,54,17,225,164,61,250,109,0,141,746,271,475,67,38,29,165,304,2249,322,267,55,314,479,97,150,209,155,54,3,53,22,31,158,78,0,80,179,107,72,33,15,18,104,148,59.6,98.8,98.5,100.0,90.8,82.3,89.0,40.2,79.2,73.8,100.0,17.6,23.6,13.4,50.8,63.2,71.6,,56.7,24.0,39.5,15.2,49.3,39.5,62.1,63.0,48.7,1525,4,4,0,32,103,12,223,55,55,0,14,172,142,30,92,31,0,61,567,164,403,34,23,11,61,156,40.4,1.2,1.5,0.0,9.2,17.7,11.0,59.8,20.8,26.2,0.0,82.4,76.4,86.6,49.2,36.8,28.4,,43.3,76.0,60.5,84.8,50.7,60.5,37.9,37.0,51.3,17|061,Illinois
32,0500000US17063,Grundy County,18226,330,211,119,1628,3203,568,2018,2505,1644,861,316,764,519,245,1231,547,66,618,3827,1478,2349,570,175,395,683,583,10872,313,200,113,1403,2491,362,1106,1881,1157,724,257,305,170,135,695,241,16,438,903,457,446,306,67,239,480,370,59.7,94.8,94.8,95.0,86.2,77.8,63.7,54.8,75.1,70.4,84.1,81.3,39.9,32.8,55.1,56.5,44.1,24.2,70.9,23.6,30.9,19.0,53.7,38.3,60.5,70.3,63.5,7354,17,11,6,225,712,206,912,624,487,137,59,459,349,110,536,306,50,180,2924,1021,1903,264,108,156,203,213,40.3,5.2,5.2,5.0,13.8,22.2,36.3,45.2,24.9,29.6,15.9,18.7,60.1,67.2,44.9,43.5,55.9,75.8,29.1,76.4,69.1,81.0,46.3,61.7,39.5,29.7,36.5,17|063,Illinois
33,0500000US17065,Hamilton County,2355,367,215,152,156,276,92,239,198,142,56,2,93,75,18,77,31,0,46,668,236,432,27,6,21,81,79,1395,314,162,152,156,248,61,117,161,105,56,2,53,35,18,46,0,0,46,123,75,48,9,6,3,73,32,59.2,85.6,75.3,100.0,100.0,89.9,66.3,49.0,81.3,73.9,100.0,100.0,57.0,46.7,100.0,59.7,0.0,,100.0,18.4,31.8,11.1,33.3,100.0,14.3,90.1,40.5,960,53,53,0,0,28,31,122,37,37,0,0,40,40,0,31,31,0,0,545,161,384,18,0,18,8,47,40.8,14.4,24.7,0.0,0.0,10.1,33.7,51.0,18.7,26.1,0.0,0.0,43.0,53.3,0.0,40.3,100.0,,0.0,81.6,68.2,88.9,66.7,0.0,85.7,9.9,59.5,17|065,Illinois
34,0500000US17067,Hancock County,5974,459,437,22,345,1207,272,655,361,319,42,60,332,315,17,336,238,0,98,1338,475,863,117,4,113,285,207,3533,374,357,17,331,954,212,442,305,272,33,46,169,152,17,183,134,0,49,204,131,73,30,0,30,176,107,59.1,81.5,81.7,77.3,95.9,79.0,77.9,67.5,84.5,85.3,78.6,76.7,50.9,48.3,100.0,54.5,56.3,,50.0,15.2,27.6,8.5,25.6,0.0,26.5,61.8,51.7,2441,85,80,5,14,253,60,213,56,47,9,14,163,163,0,153,104,0,49,1134,344,790,87,4,83,109,100,40.9,18.5,18.3,22.7,4.1,21.0,22.1,32.5,15.5,14.7,21.4,23.3,49.1,51.7,0.0,45.5,43.7,,50.0,84.8,72.4,91.5,74.4,100.0,73.5,38.2,48.3,17|067,Illinois
35,0500000US17069,Hardin County,848,133,46,87,22,78,10,38,94,77,17,0,28,20,8,6,3,0,3,344,66,278,6,0,6,14,75,474,133,46,87,22,78,10,10,73,63,10,0,7,7,0,6,3,0,3,77,35,42,5,0,5,14,39,55.9,100.0,100.0,100.0,100.0,100.0,100.0,26.3,77.7,81.8,58.8,,25.0,35.0,0.0,100.0,100.0,,100.0,22.4,53.0,15.1,83.3,,83.3,100.0,52.0,374,0,0,0,0,0,0,28,21,14,7,0,21,13,8,0,0,0,0,267,31,236,1,0,1,0,36,44.1,0.0,0.0,0.0,0.0,0.0,0.0,73.7,22.3,18.2,41.2,,75.0,65.0,100.0,0.0,0.0,,0.0,77.6,47.0,84.9,16.7,,16.7,0.0,48.0,17|069,Illinois
36,0500000US17071,Henderson County,2164,159,157,2,120,493,104,147,186,159,27,30,155,146,9,110,66,0,44,404,152,252,29,0,29,116,111,1285,138,136,2,109,294,96,110,174,147,27,15,56,52,4,91,47,0,44,100,43,57,10,0,10,52,40,59.4,86.8,86.6,100.0,90.8,59.6,92.3,74.8,93.5,92.5,100.0,50.0,36.1,35.6,44.4,82.7,71.2,,100.0,24.8,28.3,22.6,34.5,,34.5,44.8,36.0,879,21,21,0,11,199,8,37,12,12,0,15,99,94,5,19,19,0,0,304,109,195,19,0,19,64,71,40.6,13.2,13.4,0.0,9.2,40.4,7.7,25.2,6.5,7.5,0.0,50.0,63.9,64.4,55.6,17.3,28.8,,0.0,75.2,71.7,77.4,65.5,,65.5,55.2,64.0,17|071,Illinois
37,0500000US17073,Henry County,16932,597,582,15,1401,3284,737,1816,1155,849,306,194,1163,1065,98,800,464,21,315,3292,1238,2054,915,87,828,536,1042,9710,569,554,15,1289,2660,511,935,866,589,277,87,434,342,92,361,202,18,141,580,319,261,350,59,291,346,722,57.3,95.3,95.2,100.0,92.0,81.0,69.3,51.5,75.0,69.4,90.5,44.8,37.3,32.1,93.9,45.1,43.5,85.7,44.8,17.6,25.8,12.7,38.3,67.8,35.1,64.6,69.3,7222,28,28,0,112,624,226,881,289,260,29,107,729,723,6,439,262,3,174,2712,919,1793,565,28,537,190,320,42.7,4.7,4.8,0.0,8.0,19.0,30.7,48.5,25.0,30.6,9.5,55.2,62.7,67.9,6.1,54.9,56.5,14.3,55.2,82.4,74.2,87.3,61.7,32.2,64.9,35.4,30.7,17|073,Illinois
38,0500000US17075,Iroquois County,8828,685,673,12,813,1219,423,1053,630,538,92,87,588,552,36,253,122,1,130,2042,650,1392,343,37,306,357,335,5070,579,570,9,743,996,325,611,529,452,77,52,106,84,22,180,64,0,116,389,175,214,174,22,152,214,172,57.4,84.5,84.7,75.0,91.4,81.7,76.8,58.0,84.0,84.0,83.7,59.8,18.0,15.2,61.1,71.1,52.5,0.0,89.2,19.0,26.9,15.4,50.7,59.5,49.7,59.9,51.3,3758,106,103,3,70,223,98,442,101,86,15,35,482,468,14,73,58,1,14,1653,475,1178,169,15,154,143,163,42.6,15.5,15.3,25.0,8.6,18.3,23.2,42.0,16.0,16.0,16.3,40.2,82.0,84.8,38.9,28.9,47.5,100.0,10.8,81.0,73.1,84.6,49.3,40.5,50.3,40.1,48.7,17|075,Illinois
39,0500000US17077,Jackson County,13139,367,228,139,821,1102,259,1451,647,442,205,93,805,506,299,1065,636,21,408,4139,1726,2413,927,48,879,530,933,7166,346,212,134,754,668,205,837,526,336,190,67,258,68,190,579,289,0,290,1446,703,743,693,35,658,227,560,54.5,94.3,93.0,96.4,91.8,60.6,79.2,57.7,81.3,76.0,92.7,72.0,32.0,13.4,63.5,54.4,45.4,0.0,71.1,34.9,40.7,30.8,74.8,72.9,74.9,42.8,60.0,5973,21,16,5,67,434,54,614,121,106,15,26,547,438,109,486,347,21,118,2693,1023,1670,234,13,221,303,373,45.5,5.7,7.0,3.6,8.2,39.4,20.8,42.3,18.7,24.0,7.3,28.0,68.0,86.6,36.5,45.6,54.6,100.0,28.9,65.1,59.3,69.2,25.2,27.1,25.1,57.2,40.0,17|077,Illinois
40,0500000US17079,Jasper County,3081,354,314,40,161,642,90,361,385,227,158,63,109,103,6,155,137,0,18,476,77,399,79,46,33,92,114,2005,333,293,40,161,510,72,190,328,193,135,63,18,18,0,49,39,0,10,84,26,58,61,39,22,79,57,65.1,94.1,93.3,100.0,100.0,79.4,80.0,52.6,85.2,85.0,85.4,100.0,16.5,17.5,0.0,31.6,28.5,,55.6,17.6,33.8,14.5,77.2,84.8,66.7,85.9,50.0,1076,21,21,0,0,132,18,171,57,34,23,0,91,85,6,106,98,0,8,392,51,341,18,7,11,13,57,34.9,5.9,6.7,0.0,0.0,20.6,20.0,47.4,14.8,15.0,14.6,0.0,83.5,82.5,100.0,68.4,71.5,,44.4,82.4,66.2,85.5,22.8,15.2,33.3,14.1,50.0,17|079,Illinois
41,0500000US17081,Jefferson County,11358,331,245,86,719,2072,424,1130,1096,994,102,125,479,395,84,573,324,70,179,2795,838,1957,480,42,438,587,547,6367,302,218,84,572,1775,348,570,798,700,98,54,179,128,51,294,205,0,89,700,256,444,85,7,78,359,331,56.1,91.2,89.0,97.7,79.6,85.7,82.1,50.4,72.8,70.4,96.1,43.2,37.4,32.4,60.7,51.3,63.3,0.0,49.7,25.0,30.5,22.7,17.7,16.7,17.8,61.2,60.5,4991,29,27,2,147,297,76,560,298,294,4,71,300,267,33,279,119,70,90,2095,582,1513,395,35,360,228,216,43.9,8.8,11.0,2.3,20.4,14.3,17.9,49.6,27.2,29.6,3.9,56.8,62.6,67.6,39.3,48.7,36.7,100.0,50.3,75.0,69.5,77.3,82.3,83.3,82.2,38.8,39.5,17|081,Illinois
42,0500000US17083,Jersey County,7424,452,366,86,648,836,212,695,556,378,178,27,287,167,120,766,475,8,283,1944,629,1315,276,20,256,560,165,4188,327,241,86,617,702,115,433,432,299,133,21,94,51,43,469,325,0,144,453,203,250,97,16,81,341,87,56.4,72.3,65.8,100.0,95.2,84.0,54.2,62.3,77.7,79.1,74.7,77.8,32.8,30.5,35.8,61.2,68.4,0.0,50.9,23.3,32.3,19.0,35.1,80.0,31.6,60.9,52.7,3236,125,125,0,31,134,97,262,124,79,45,6,193,116,77,297,150,8,139,1491,426,1065,179,4,175,219,78,43.6,27.7,34.2,0.0,4.8,16.0,45.8,37.7,22.3,20.9,25.3,22.2,67.2,69.5,64.2,38.8,31.6,100.0,49.1,76.7,67.7,81.0,64.9,20.0,68.4,39.1,47.3,17|083,Illinois
43,0500000US17085,Jo Daviess County,7582,475,445,30,539,1591,156,752,402,273,129,158,597,543,54,458,179,0,279,1506,483,1023,438,96,342,286,224,4475,413,383,30,507,1176,127,271,369,249,120,115,154,107,47,320,82,0,238,420,222,198,199,43,156,225,179,59.0,86.9,86.1,100.0,94.1,73.9,81.4,36.0,91.8,91.2,93.0,72.8,25.8,19.7,87.0,69.9,45.8,,85.3,27.9,46.0,19.4,45.4,44.8,45.6,78.7,79.9,3107,62,62,0,32,415,29,481,33,24,9,43,443,436,7,138,97,0,41,1086,261,825,239,53,186,61,45,41.0,13.1,13.9,0.0,5.9,26.1,18.6,64.0,8.2,8.8,7.0,27.2,74.2,80.3,13.0,30.1,54.2,,14.7,72.1,54.0,80.6,54.6,55.2,54.4,21.3,20.1,17|085,Illinois
44,0500000US17087,Johnson County,2998,109,88,21,158,240,68,168,170,105,65,49,165,134,31,143,99,0,44,981,292,689,182,1,181,115,450,1468,109,88,21,140,205,56,118,108,53,55,47,44,39,5,81,37,0,44,205,82,123,60,0,60,43,252,49.0,100.0,100.0,100.0,88.6,85.4,82.4,70.2,63.5,50.5,84.6,95.9,26.7,29.1,16.1,56.6,37.4,,100.0,20.9,28.1,17.9,33.0,0.0,33.1,37.4,56.0,1530,0,0,0,18,35,12,50,62,52,10,2,121,95,26,62,62,0,0,776,210,566,122,1,121,72,198,51.0,0.0,0.0,0.0,11.4,14.6,17.6,29.8,36.5,49.5,15.4,4.1,73.3,70.9,83.9,43.4,62.6,,0.0,79.1,71.9,82.1,67.0,100.0,66.9,62.6,44.0,17|087,Illinois
45,0500000US17089,Kane County,188092,761,577,184,12514,37344,8123,15950,12129,10673,1456,2841,17852,14065,3787,25244,14387,362,10495,31697,13393,18304,10855,3272,7583,6278,6504,112394,730,546,184,11715,26546,5555,8865,9490,8385,1105,1744,8960,6928,2032,16004,9403,213,6388,9030,4453,4577,5779,1940,3839,4110,3866,59.8,95.9,94.6,100.0,93.6,71.1,68.4,55.6,78.2,78.6,75.9,61.4,50.2,49.3,53.7,63.4,65.4,58.8,60.9,28.5,33.2,25.0,53.2,59.3,50.6,65.5,59.4,75698,31,31,0,799,10798,2568,7085,2639,2288,351,1097,8892,7137,1755,9240,4984,149,4107,22667,8940,13727,5076,1332,3744,2168,2638,40.2,4.1,5.4,0.0,6.4,28.9,31.6,44.4,21.8,21.4,24.1,38.6,49.8,50.7,46.3,36.6,34.6,41.2,39.1,71.5,66.8,75.0,46.8,40.7,49.4,34.5,40.6,17|089,Illinois
46,0500000US17091,Kankakee County,34313,644,626,18,2108,6157,1171,3163,2795,2487,308,457,2064,1803,261,2299,1173,20,1106,8629,2687,5942,1842,228,1614,1298,1686,19350,595,577,18,1959,4531,624,1714,2107,1848,259,309,751,578,173,1422,633,20,769,2363,871,1492,996,166,830,909,1070,56.4,92.4,92.2,100.0,92.9,73.6,53.3,54.2,75.4,74.3,84.1,67.6,36.4,32.1,66.3,61.9,54.0,100.0,69.5,27.4,32.4,25.1,54.1,72.8,51.4,70.0,63.5,14963,49,49,0,149,1626,547,1449,688,639,49,148,1313,1225,88,877,540,0,337,6266,1816,4450,846,62,784,389,616,43.6,7.6,7.8,0.0,7.1,26.4,46.7,45.8,24.6,25.7,15.9,32.4,63.6,67.9,33.7,38.1,46.0,0.0,30.5,72.6,67.6,74.9,45.9,27.2,48.6,30.0,36.5,17|091,Illinois
47,0500000US17093,Kendall County,49651,232,215,17,3949,5746,2383,5612,3755,2852,903,1171,3833,3083,750,5412,3919,15,1478,11039,5374,5665,2435,484,1951,1594,2490,29215,129,123,6,3415,4720,1823,2975,3132,2352,780,1012,1731,1236,495,3507,2465,0,1042,2809,1786,1023,1178,146,1032,1261,1523,58.8,55.6,57.2,35.3,86.5,82.1,76.5,53.0,83.4,82.5,86.4,86.4,45.2,40.1,66.0,64.8,62.9,0.0,70.5,25.4,33.2,18.1,48.4,30.2,52.9,79.1,61.2,20436,103,92,11,534,1026,560,2637,623,500,123,159,2102,1847,255,1905,1454,15,436,8230,3588,4642,1257,338,919,333,967,41.2,44.4,42.8,64.7,13.5,17.9,23.5,47.0,16.6,17.5,13.6,13.6,54.8,59.9,34.0,35.2,37.1,100.0,29.5,74.6,66.8,81.9,51.6,69.8,47.1,20.9,38.8,17|093,Illinois
48,0500000US17095,Knox County,13380,458,426,32,825,1682,573,1521,1445,1381,64,154,650,556,94,581,273,69,239,3541,1438,2103,633,54,579,704,613,7434,404,372,32,744,1274,415,720,1267,1209,58,86,319,253,66,371,198,29,144,800,381,419,319,39,280,458,257,55.6,88.2,87.3,100.0,90.2,75.7,72.4,47.3,87.7,87.5,90.6,55.8,49.1,45.5,70.2,63.9,72.5,42.0,60.3,22.6,26.5,19.9,50.4,72.2,48.4,65.1,41.9,5946,54,54,0,81,408,158,801,178,172,6,68,331,303,28,210,75,40,95,2741,1057,1684,314,15,299,246,356,44.4,11.8,12.7,0.0,9.8,24.3,27.6,52.7,12.3,12.5,9.4,44.2,50.9,54.5,29.8,36.1,27.5,58.0,39.7,77.4,73.5,80.1,49.6,27.8,51.6,34.9,58.1,17|095,Illinois
49,0500000US17097,Lake County,254999,902,834,68,12975,49634,12565,25127,11169,10142,1027,4113,24197,19361,4836,38663,25356,807,12500,43945,17325,26620,14115,4042,10073,8873,8721,150017,613,563,50,11763,32728,7937,14811,8643,7890,753,2588,13610,10621,2989,25152,16398,426,8328,13876,6139,7737,8531,2839,5692,5055,4710,58.8,68.0,67.5,73.5,90.7,65.9,63.2,58.9,77.4,77.8,73.3,62.9,56.2,54.9,61.8,65.1,64.7,52.8,66.6,31.6,35.4,29.1,60.4,70.2,56.5,57.0,54.0,104982,289,271,18,1212,16906,4628,10316,2526,2252,274,1525,10587,8740,1847,13511,8958,381,4172,30069,11186,18883,5584,1203,4381,3818,4011,41.2,32.0,32.5,26.5,9.3,34.1,36.8,41.1,22.6,22.2,26.7,37.1,43.8,45.1,38.2,34.9,35.3,47.2,33.4,68.4,64.6,70.9,39.6,29.8,43.5,43.0,46.0,17|097,Illinois
50,0500000US17099,LaSalle County,34928,1411,910,501,2193,6940,1475,3900,2992,2191,801,560,1968,1675,293,2134,1063,14,1057,6856,2627,4229,1408,147,1261,1518,1573,20946,1255,836,419,2008,5790,1119,2335,2516,1803,713,353,610,408,202,1040,489,14,537,1482,763,719,661,98,563,827,950,60.0,88.9,91.9,83.6,91.6,83.4,75.9,59.9,84.1,82.3,89.0,63.0,31.0,24.4,68.9,48.7,46.0,100.0,50.8,21.6,29.0,17.0,46.9,66.7,44.6,54.5,60.4,13982,156,74,82,185,1150,356,1565,476,388,88,207,1358,1267,91,1094,574,0,520,5374,1864,3510,747,49,698,691,623,40.0,11.1,8.1,16.4,8.4,16.6,24.1,40.1,15.9,17.7,11.0,37.0,69.0,75.6,31.1,51.3,54.0,0.0,49.2,78.4,71.0,83.0,53.1,33.3,55.4,45.5,39.6,17|099,Illinois
51,0500000US17101,Lawrence County,4098,278,155,123,367,758,194,235,326,311,15,43,346,289,57,141,89,0,52,843,178,665,186,2,184,138,243,2378,252,132,120,321,580,144,130,265,250,15,22,105,58,47,65,37,0,28,135,65,70,83,0,83,98,178,58.0,90.6,85.2,97.6,87.5,76.5,74.2,55.3,81.3,80.4,100.0,51.2,30.3,20.1,82.5,46.1,41.6,,53.8,16.0,36.5,10.5,44.6,0.0,45.1,71.0,73.3,1720,26,23,3,46,178,50,105,61,61,0,21,241,231,10,76,52,0,24,708,113,595,103,2,101,40,65,42.0,9.4,14.8,2.4,12.5,23.5,25.8,44.7,18.7,19.6,0.0,48.8,69.7,79.9,17.5,53.9,58.4,,46.2,84.0,63.5,89.5,55.4,100.0,54.9,29.0,26.7,17|101,Illinois
52,0500000US17103,Lee County,10797,300,270,30,591,2127,340,739,989,746,243,95,693,578,115,908,469,43,396,2392,744,1648,342,81,261,422,859,6066,285,255,30,572,1559,235,439,837,629,208,51,202,160,42,568,268,26,274,533,172,361,117,28,89,170,498,56.2,95.0,94.4,100.0,96.8,73.3,69.1,59.4,84.6,84.3,85.6,53.7,29.1,27.7,36.5,62.6,57.1,60.5,69.2,22.3,23.1,21.9,34.2,34.6,34.1,40.3,58.0,4731,15,15,0,19,568,105,300,152,117,35,44,491,418,73,340,201,17,122,1859,572,1287,225,53,172,252,361,43.8,5.0,5.6,0.0,3.2,26.7,30.9,40.6,15.4,15.7,14.4,46.3,70.9,72.3,63.5,37.4,42.9,39.5,30.8,77.7,76.9,78.1,65.8,65.4,65.9,59.7,42.0,17|103,Illinois
53,0500000US17105,Livingston County,11609,778,736,42,492,2369,500,1222,738,571,167,141,597,543,54,753,295,3,455,2340,707,1633,440,83,357,310,929,6610,719,687,32,459,1912,353,707,546,394,152,70,216,167,49,393,170,3,220,396,175,221,119,28,91,233,487,56.9,92.4,93.3,76.2,93.3,80.7,70.6,57.9,74.0,69.0,91.0,49.6,36.2,30.8,90.7,52.2,57.6,100.0,48.4,16.9,24.8,13.5,27.0,33.7,25.5,75.2,52.4,4999,59,49,10,33,457,147,515,192,177,15,71,381,376,5,360,125,0,235,1944,532,1412,321,55,266,77,442,43.1,7.6,6.7,23.8,6.7,19.3,29.4,42.1,26.0,31.0,9.0,50.4,63.8,69.2,9.3,47.8,42.4,0.0,51.6,83.1,75.2,86.5,73.0,66.3,74.5,24.8,47.6,17|105,Illinois
54,0500000US17107,Logan County,8779,432,390,42,604,1208,372,900,669,448,221,136,679,620,59,517,283,5,229,1945,736,1209,183,57,126,239,895,5225,364,322,42,560,1017,330,456,595,394,201,82,257,210,47,333,173,0,160,480,231,249,81,40,41,166,504,59.5,84.3,82.6,100.0,92.7,84.2,88.7,50.7,88.9,87.9,91.0,60.3,37.8,33.9,79.7,64.4,61.1,0.0,69.9,24.7,31.4,20.6,44.3,70.2,32.5,69.5,56.3,3554,68,68,0,44,191,42,444,74,54,20,54,422,410,12,184,110,5,69,1465,505,960,102,17,85,73,391,40.5,15.7,17.4,0.0,7.3,15.8,11.3,49.3,11.1,12.1,9.0,39.7,62.2,66.1,20.3,35.6,38.9,100.0,30.1,75.3,68.6,79.4,55.7,29.8,67.5,30.5,43.7,17|107,Illinois
55,0500000US17109,McDonough County,8068,276,263,13,438,902,248,1069,342,274,68,152,280,208,72,443,188,14,241,2603,1359,1244,535,46,489,364,416,4296,261,248,13,422,599,218,662,228,201,27,64,84,32,52,308,80,14,214,664,539,125,287,32,255,243,256,53.2,94.6,94.3,100.0,96.3,66.4,87.9,61.9,66.7,73.4,39.7,42.1,30.0,15.4,72.2,69.5,42.6,100.0,88.8,25.5,39.7,10.0,53.6,69.6,52.1,66.8,61.5,3772,15,15,0,16,303,30,407,114,73,41,88,196,176,20,135,108,0,27,1939,820,1119,248,14,234,121,160,46.8,5.4,5.7,0.0,3.7,33.6,12.1,38.1,33.3,26.6,60.3,57.9,70.0,84.6,27.8,30.5,57.4,0.0,11.2,74.5,60.3,90.0,46.4,30.4,47.9,33.2,38.5,17|109,Illinois
56,0500000US17111,McHenry County,116980,1049,947,102,9604,22047,5056,12626,6003,5126,877,2058,9358,7558,1800,13314,8954,358,4002,22116,9823,12293,4314,1602,2712,5080,4355,68862,884,789,95,8530,15549,3339,7563,4731,4086,645,1540,4179,3332,847,8055,5075,253,2727,5251,2498,2753,2824,1117,1707,3072,3345,58.9,84.3,83.3,93.1,88.8,70.5,66.0,59.9,78.8,79.7,73.5,74.8,44.7,44.1,47.1,60.5,56.7,70.7,68.1,23.7,25.4,22.4,65.5,69.7,62.9,60.5,76.8,48118,165,158,7,1074,6498,1717,5063,1272,1040,232,518,5179,4226,953,5259,3879,105,1275,16865,7325,9540,1490,485,1005,2008,1010,41.1,15.7,16.7,6.9,11.2,29.5,34.0,40.1,21.2,20.3,26.5,25.2,55.3,55.9,52.9,39.5,43.3,29.3,31.9,76.3,74.6,77.6,34.5,30.3,37.1,39.5,23.2,17|111,Illinois
57,0500000US17113,McLean County,57407,953,946,7,2165,4194,1356,4726,2850,2412,438,635,15089,14282,807,5422,3521,74,1827,13050,6177,6873,2529,409,2120,2294,2144,31873,852,845,7,1922,3325,943,2753,2477,2055,422,395,7557,7142,415,3464,2278,25,1161,4009,2355,1654,1477,287,1190,1309,1390,55.5,89.4,89.3,100.0,88.8,79.3,69.5,58.3,86.9,85.2,96.3,62.2,50.1,50.0,51.4,63.9,64.7,33.8,63.5,30.7,38.1,24.1,58.4,70.2,56.1,57.1,64.8,25534,101,101,0,243,869,413,1973,373,357,16,240,7532,7140,392,1958,1243,49,666,9041,3822,5219,1052,122,930,985,754,44.5,10.6,10.7,0.0,11.2,20.7,30.5,41.7,13.1,14.8,3.7,37.8,49.9,50.0,48.6,36.1,35.3,66.2,36.5,69.3,61.9,75.9,41.6,29.8,43.9,42.9,35.2,17|113,Illinois
58,0500000US17115,Macon County,32446,745,743,2,1755,7433,844,2841,2248,1604,644,379,1900,1459,441,1943,1004,120,819,6916,2217,4699,1875,323,1552,1774,1793,17820,673,671,2,1618,5470,578,1508,1619,1236,383,230,911,662,249,897,413,43,441,1649,804,845,914,229,685,899,854,54.9,90.3,90.3,100.0,92.2,73.6,68.5,53.1,72.0,77.1,59.5,60.7,47.9,45.4,56.5,46.2,41.1,35.8,53.8,23.8,36.3,18.0,48.7,70.9,44.1,50.7,47.6,14626,72,72,0,137,1963,266,1333,629,368,261,149,989,797,192,1046,591,77,378,5267,1413,3854,961,94,867,875,939,45.1,9.7,9.7,0.0,7.8,26.4,31.5,46.9,28.0,22.9,40.5,39.3,52.1,54.6,43.5,53.8,58.9,64.2,46.2,76.2,63.7,82.0,51.3,29.1,55.9,49.3,52.4,17|115,Illinois
59,0500000US17117,Macoupin County,14000,575,529,46,1262,2109,501,1319,1051,840,211,228,884,764,120,1240,738,23,479,3030,1108,1922,478,64,414,364,959,7851,479,444,35,1184,1609,376,708,895,708,187,67,200,139,61,743,367,16,360,594,328,266,258,50,208,213,525,56.1,83.3,83.9,76.1,93.8,76.3,75.0,53.7,85.2,84.3,88.6,29.4,22.6,18.2,50.8,59.9,49.7,69.6,75.2,19.6,29.6,13.8,54.0,78.1,50.2,58.5,54.7,6149,96,85,11,78,500,125,611,156,132,24,161,684,625,59,497,371,7,119,2436,780,1656,220,14,206,151,434,43.9,16.7,16.1,23.9,6.2,23.7,25.0,46.3,14.8,15.7,11.4,70.6,77.4,81.8,49.2,40.1,50.3,30.4,24.8,80.4,70.4,86.2,46.0,21.9,49.8,41.5,45.3,17|117,Illinois
60,0500000US17119,Madison County,91350,877,705,172,6028,12720,2699,8831,7817,6212,1605,1499,6476,5059,1417,10463,6916,230,3317,21445,8795,12650,4701,1095,3606,2987,4807,50938,624,481,143,5219,10024,2020,5152,6125,5026,1099,770,2763,1915,848,6131,3556,34,2541,4993,2487,2506,2501,815,1686,1673,2943,55.8,71.2,68.2,83.1,86.6,78.8,74.8,58.3,78.4,80.9,68.5,51.4,42.7,37.9,59.8,58.6,51.4,14.8,76.6,23.3,28.3,19.8,53.2,74.4,46.8,56.0,61.2,40412,253,224,29,809,2696,679,3679,1692,1186,506,729,3713,3144,569,4332,3360,196,776,16452,6308,10144,2200,280,1920,1314,1864,44.2,28.8,31.8,16.9,13.4,21.2,25.2,41.7,21.6,19.1,31.5,48.6,57.3,62.1,40.2,41.4,48.6,85.2,23.4,76.7,71.7,80.2,46.8,25.6,53.2,44.0,38.8,17|119,Illinois
61,0500000US17121,Marion County,11162,239,221,18,427,2604,285,943,952,910,42,136,618,477,141,465,207,0,258,2926,713,2213,479,78,401,491,597,6159,177,159,18,412,1838,212,416,824,787,37,35,294,270,24,358,136,0,222,726,227,499,181,58,123,337,349,55.2,74.1,71.9,100.0,96.5,70.6,74.4,44.1,86.6,86.5,88.1,25.7,47.6,56.6,17.0,77.0,65.7,,86.0,24.8,31.8,22.5,37.8,74.4,30.7,68.6,58.5,5003,62,62,0,15,766,73,527,128,123,5,101,324,207,117,107,71,0,36,2200,486,1714,298,20,278,154,248,44.8,25.9,28.1,0.0,3.5,29.4,25.6,55.9,13.4,13.5,11.9,74.3,52.4,43.4,83.0,23.0,34.3,,14.0,75.2,68.2,77.5,62.2,25.6,69.3,31.4,41.5,17|121,Illinois
62,0500000US17123,Marshall County,3611,156,133,23,240,883,202,327,278,191,87,30,137,132,5,202,115,4,83,717,276,441,170,24,146,152,117,2122,130,128,2,226,686,155,116,246,163,83,0,52,52,0,102,41,4,57,182,83,99,106,19,87,60,61,58.8,83.3,96.2,8.7,94.2,77.7,76.7,35.5,88.5,85.3,95.4,0.0,38.0,39.4,0.0,50.5,35.7,100.0,68.7,25.4,30.1,22.4,62.4,79.2,59.6,39.5,52.1,1489,26,5,21,14,197,47,211,32,28,4,30,85,80,5,100,74,0,26,535,193,342,64,5,59,92,56,41.2,16.7,3.8,91.3,5.8,22.3,23.3,64.5,11.5,14.7,4.6,100.0,62.0,60.6,100.0,49.5,64.3,0.0,31.3,74.6,69.9,77.6,37.6,20.8,40.4,60.5,47.9,17|123,Illinois
63,0500000US17125,Mason County,4295,356,335,21,378,535,244,467,317,270,47,13,296,267,29,246,112,5,129,854,261,593,188,26,162,144,257,2502,333,312,21,370,428,147,264,256,225,31,8,91,77,14,156,41,5,110,144,85,59,83,23,60,91,131,58.3,93.5,93.1,100.0,97.9,80.0,60.2,56.5,80.8,83.3,66.0,61.5,30.7,28.8,48.3,63.4,36.6,100.0,85.3,16.9,32.6,9.9,44.1,88.5,37.0,63.2,51.0,1793,23,23,0,8,107,97,203,61,45,16,5,205,190,15,90,71,0,19,710,176,534,105,3,102,53,126,41.7,6.5,6.9,0.0,2.1,20.0,39.8,43.5,19.2,16.7,34.0,38.5,69.3,71.2,51.7,36.6,63.4,0.0,14.7,83.1,67.4,90.1,55.9,11.5,63.0,36.8,49.0,17|125,Illinois
64,0500000US17127,Massac County,4112,222,216,6,232,510,65,565,472,297,175,42,99,86,13,199,111,0,88,898,200,698,251,107,144,182,375,2357,186,180,6,231,398,62,259,404,229,175,42,1,0,1,136,101,0,35,171,65,106,121,24,97,95,251,57.3,83.8,83.3,100.0,99.6,78.0,95.4,45.8,85.6,77.1,100.0,100.0,1.0,0.0,7.7,68.3,91.0,,39.8,19.0,32.5,15.2,48.2,22.4,67.4,52.2,66.9,1755,36,36,0,1,112,3,306,68,68,0,0,98,86,12,63,10,0,53,727,135,592,130,83,47,87,124,42.7,16.2,16.7,0.0,0.4,22.0,4.6,54.2,14.4,22.9,0.0,0.0,99.0,100.0,92.3,31.7,9.0,,60.2,81.0,67.5,84.8,51.8,77.6,32.6,47.8,33.1,17|127,Illinois
65,0500000US17129,Menard County,4406,266,178,88,265,204,144,336,345,265,80,36,339,324,15,312,179,4,129,1203,455,748,109,25,84,224,623,2375,244,156,88,245,156,133,186,257,185,72,24,84,82,2,172,86,0,86,336,156,180,70,19,51,121,347,53.9,91.7,87.6,100.0,92.5,76.5,92.4,55.4,74.5,69.8,90.0,66.7,24.8,25.3,13.3,55.1,48.0,0.0,66.7,27.9,34.3,24.1,64.2,76.0,60.7,54.0,55.7,2031,22,22,0,20,48,11,150,88,80,8,12,255,242,13,140,93,4,43,867,299,568,39,6,33,103,276,46.1,8.3,12.4,0.0,7.5,23.5,7.6,44.6,25.5,30.2,10.0,33.3,75.2,74.7,86.7,44.9,52.0,100.0,33.3,72.1,65.7,75.9,35.8,24.0,39.3,46.0,44.3,17|129,Illinois
66,0500000US17131,Mercer County,5227,280,277,3,557,955,159,513,481,439,42,51,355,320,35,243,157,0,86,1067,378,689,133,32,101,154,279,2939,241,238,3,553,750,127,358,345,308,37,19,74,50,24,140,91,0,49,148,73,75,64,28,36,68,52,56.2,86.1,85.9,100.0,99.3,78.5,79.9,69.8,71.7,70.2,88.1,37.3,20.8,15.6,68.6,57.6,58.0,,57.0,13.9,19.3,10.9,48.1,87.5,35.6,44.2,18.6,2288,39,39,0,4,205,32,155,136,131,5,32,281,270,11,103,66,0,37,919,305,614,69,4,65,86,227,43.8,13.9,14.1,0.0,0.7,21.5,20.1,30.2,28.3,29.8,11.9,62.7,79.2,84.4,31.4,42.4,42.0,,43.0,86.1,80.7,89.1,51.9,12.5,64.4,55.8,81.4,17|131,Illinois
67,0500000US17133,Monroe County,13287,404,352,52,785,1877,326,1247,789,556,233,185,1344,1154,190,1441,1074,17,350,3120,1174,1946,593,170,423,530,646,7348,367,315,52,730,1538,290,783,653,449,204,160,486,388,98,805,605,5,195,571,412,159,266,155,111,248,451,55.3,90.8,89.5,100.0,93.0,81.9,89.0,62.8,82.8,80.8,87.6,86.5,36.2,33.6,51.6,55.9,56.3,29.4,55.7,18.3,35.1,8.2,44.9,91.2,26.2,46.8,69.8,5939,37,37,0,55,339,36,464,136,107,29,25,858,766,92,636,469,12,155,2549,762,1787,327,15,312,282,195,44.7,9.2,10.5,0.0,7.0,18.1,11.0,37.2,17.2,19.2,12.4,13.5,63.8,66.4,48.4,44.1,43.7,70.6,44.3,81.7,64.9,91.8,55.1,8.8,73.8,53.2,30.2,17|133,Illinois
68,0500000US17135,Montgomery County,8001,506,382,124,560,950,251,845,669,502,167,35,730,619,111,445,226,10,209,1752,579,1173,179,27,152,325,754,4514,436,312,124,506,687,184,382,559,397,162,16,232,169,63,314,177,5,132,430,202,228,110,19,91,221,437,56.4,86.2,81.7,100.0,90.4,72.3,73.3,45.2,83.6,79.1,97.0,45.7,31.8,27.3,56.8,70.6,78.3,50.0,63.2,24.5,34.9,19.4,61.5,70.4,59.9,68.0,58.0,3487,70,70,0,54,263,67,463,110,105,5,19,498,450,48,131,49,5,77,1322,377,945,69,8,61,104,317,43.6,13.8,18.3,0.0,9.6,27.7,26.7,54.8,16.4,20.9,3.0,54.3,68.2,72.7,43.2,29.4,21.7,50.0,36.8,75.5,65.1,80.6,38.5,29.6,40.1,32.0,42.0,17|135,Illinois
69,0500000US17137,Morgan County,10368,383,383,0,564,1263,435,890,890,753,137,78,887,787,100,383,217,5,161,2760,1047,1713,563,128,435,422,850,5806,354,354,0,553,847,363,438,846,709,137,29,223,192,31,210,101,0,109,622,302,320,396,116,280,310,615,56.0,92.4,92.4,,98.0,67.1,83.4,49.2,95.1,94.2,100.0,37.2,25.1,24.4,31.0,54.8,46.5,0.0,67.7,22.5,28.8,18.7,70.3,90.6,64.4,73.5,72.4,4562,29,29,0,11,416,72,452,44,44,0,49,664,595,69,173,116,5,52,2138,745,1393,167,12,155,112,235,44.0,7.6,7.6,,2.0,32.9,16.6,50.8,4.9,5.8,0.0,62.8,74.9,75.6,69.0,45.2,53.5,100.0,32.3,77.5,71.2,81.3,29.7,9.4,35.6,26.5,27.6,17|137,Illinois
70,0500000US17139,Moultrie County,4986,254,254,0,489,1493,175,356,298,281,17,151,161,154,7,225,160,13,52,982,404,578,83,32,51,131,188,3067,236,236,0,442,1076,167,185,246,239,7,112,36,33,3,126,88,2,36,189,96,93,44,21,23,102,106,61.5,92.9,92.9,,90.4,72.1,95.4,52.0,82.6,85.1,41.2,74.2,22.4,21.4,42.9,56.0,55.0,15.4,69.2,19.2,23.8,16.1,53.0,65.6,45.1,77.9,56.4,1919,18,18,0,47,417,8,171,52,42,10,39,125,121,4,99,72,11,16,793,308,485,39,11,28,29,82,38.5,7.1,7.1,,9.6,27.9,4.6,48.0,17.4,14.9,58.8,25.8,77.6,78.6,57.1,44.0,45.0,84.6,30.8,80.8,76.2,83.9,47.0,34.4,54.9,22.1,43.6,17|139,Illinois
71,0500000US17141,Ogle County,17345,531,523,8,1166,3785,530,1612,1636,1250,386,152,884,721,163,1151,624,16,511,3861,1527,2334,697,105,592,701,639,9991,480,472,8,1118,2889,426,920,1214,890,324,65,366,253,113,687,365,4,318,878,521,357,313,75,238,326,309,57.6,90.4,90.2,100.0,95.9,76.3,80.4,57.1,74.2,71.2,83.9,42.8,41.4,35.1,69.3,59.7,58.5,25.0,62.2,22.7,34.1,15.3,44.9,71.4,40.2,46.5,48.4,7354,51,51,0,48,896,104,692,422,360,62,87,518,468,50,464,259,12,193,2983,1006,1977,384,30,354,375,330,42.4,9.6,9.8,0.0,4.1,23.7,19.6,42.9,25.8,28.8,16.1,57.2,58.6,64.9,30.7,40.3,41.5,75.0,37.8,77.3,65.9,84.7,55.1,28.6,59.8,53.5,51.6,17|141,Illinois
72,0500000US17143,Peoria County,56980,649,636,13,2601,10619,1304,4228,2594,1957,637,914,3880,3171,709,6144,3560,273,2311,16751,4859,11892,3285,716,2569,2234,1777,30984,595,582,13,2394,8032,989,2607,1856,1359,497,550,1898,1408,490,3839,2279,153,1407,4109,1434,2675,1654,473,1181,1254,1207,54.4,91.7,91.5,100.0,92.0,75.6,75.8,61.7,71.5,69.4,78.0,60.2,48.9,44.4,69.1,62.5,64.0,56.0,60.9,24.5,29.5,22.5,50.4,66.1,46.0,56.1,67.9,25996,54,54,0,207,2587,315,1621,738,598,140,364,1982,1763,219,2305,1281,120,904,12642,3425,9217,1631,243,1388,980,570,45.6,8.3,8.5,0.0,8.0,24.4,24.2,38.3,28.5,30.6,22.0,39.8,51.1,55.6,30.9,37.5,36.0,44.0,39.1,75.5,70.5,77.5,49.6,33.9,54.0,43.9,32.1,17|143,Illinois
73,0500000US17145,Perry County,5196,310,137,173,217,645,103,538,337,264,73,44,284,243,41,260,67,0,193,1511,427,1084,228,55,173,322,397,2909,297,124,173,210,520,83,255,265,213,52,44,68,33,35,149,12,0,137,341,161,180,146,50,96,231,300,56.0,95.8,90.5,100.0,96.8,80.6,80.6,47.4,78.6,80.7,71.2,100.0,23.9,13.6,85.4,57.3,17.9,,71.0,22.6,37.7,16.6,64.0,90.9,55.5,71.7,75.6,2287,13,13,0,7,125,20,283,72,51,21,0,216,210,6,111,55,0,56,1170,266,904,82,5,77,91,97,44.0,4.2,9.5,0.0,3.2,19.4,19.4,52.6,21.4,19.3,28.8,0.0,76.1,86.4,14.6,42.7,82.1,,29.0,77.4,62.3,83.4,36.0,9.1,44.5,28.3,24.4,17|145,Illinois
74,0500000US17147,Piatt County,5885,198,196,2,382,840,197,527,433,244,189,54,409,355,54,459,276,16,167,1745,805,940,143,4,139,163,335,3305,182,180,2,371,648,157,267,380,208,172,27,130,103,27,247,111,5,131,565,374,191,51,4,47,120,160,56.2,91.9,91.8,100.0,97.1,77.1,79.7,50.7,87.8,85.2,91.0,50.0,31.8,29.0,50.0,53.8,40.2,31.3,78.4,32.4,46.5,20.3,35.7,100.0,33.8,73.6,47.8,2580,16,16,0,11,192,40,260,53,36,17,27,279,252,27,212,165,11,36,1180,431,749,92,0,92,43,175,43.8,8.1,8.2,0.0,2.9,22.9,20.3,49.3,12.2,14.8,9.0,50.0,68.2,71.0,50.0,46.2,59.8,68.8,21.6,67.6,53.5,79.7,64.3,0.0,66.2,26.4,52.2,17|147,Illinois
75,0500000US17149,Pike County,4541,461,399,62,268,598,247,441,227,194,33,46,258,233,25,198,71,0,127,1054,360,694,100,52,48,211,432,2709,401,343,58,261,428,225,162,191,158,33,32,67,53,14,141,35,0,106,226,77,149,62,44,18,180,333,59.7,87.0,86.0,93.5,97.4,71.6,91.1,36.7,84.1,81.4,100.0,69.6,26.0,22.7,56.0,71.2,49.3,,83.5,21.4,21.4,21.5,62.0,84.6,37.5,85.3,77.1,1832,60,56,4,7,170,22,279,36,36,0,14,191,180,11,57,36,0,21,828,283,545,38,8,30,31,99,40.3,13.0,14.0,6.5,2.6,28.4,8.9,63.3,15.9,18.6,0.0,30.4,74.0,77.3,44.0,28.8,50.7,,16.5,78.6,78.6,78.5,38.0,15.4,62.5,14.7,22.9,17|149,Illinois
76,0500000US17151,Pope County,876,87,78,9,52,36,4,203,63,19,44,0,40,40,0,19,0,0,19,305,111,194,19,0,19,17,31,376,83,74,9,52,29,4,69,53,9,44,0,30,30,0,3,0,0,3,21,10,11,5,0,5,10,17,42.9,95.4,94.9,100.0,100.0,80.6,100.0,34.0,84.1,47.4,100.0,,75.0,75.0,,15.8,,,15.8,6.9,9.0,5.7,26.3,,26.3,58.8,54.8,500,4,4,0,0,7,0,134,10,10,0,0,10,10,0,16,0,0,16,284,101,183,14,0,14,7,14,57.1,4.6,5.1,0.0,0.0,19.4,0.0,66.0,15.9,52.6,0.0,,25.0,25.0,,84.2,,,84.2,93.1,91.0,94.3,73.7,,73.7,41.2,45.2,17|151,Illinois
77,0500000US17153,Pulaski County,1136,34,34,0,89,126,65,26,134,113,21,20,21,18,3,41,21,0,20,395,117,278,86,37,49,20,79,591,34,34,0,88,104,60,10,109,90,19,6,3,0,3,0,0,0,0,99,18,81,43,0,43,4,31,52.0,100.0,100.0,,98.9,82.5,92.3,38.5,81.3,79.6,90.5,30.0,14.3,0.0,100.0,0.0,0.0,,0.0,25.1,15.4,29.1,50.0,0.0,87.8,20.0,39.2,545,0,0,0,1,22,5,16,25,23,2,14,18,18,0,41,21,0,20,296,99,197,43,37,6,16,48,48.0,0.0,0.0,,1.1,17.5,7.7,61.5,18.7,20.4,9.5,70.0,85.7,100.0,0.0,100.0,100.0,,100.0,74.9,84.6,70.9,50.0,100.0,12.2,80.0,60.8,17|153,Illinois
78,0500000US17155,Putnam County,1806,70,46,24,70,393,50,177,261,164,97,5,120,94,26,107,65,0,42,282,103,179,135,8,127,52,84,1078,64,43,21,65,314,28,68,213,116,97,2,69,45,24,61,43,0,18,55,33,22,46,0,46,39,54,59.7,91.4,93.5,87.5,92.9,79.9,56.0,38.4,81.6,70.7,100.0,40.0,57.5,47.9,92.3,57.0,66.2,,42.9,19.5,32.0,12.3,34.1,0.0,36.2,75.0,64.3,728,6,3,3,5,79,22,109,48,48,0,3,51,49,2,46,22,0,24,227,70,157,89,8,81,13,30,40.3,8.6,6.5,12.5,7.1,20.1,44.0,61.6,18.4,29.3,0.0,60.0,42.5,52.1,7.7,43.0,33.8,,57.1,80.5,68.0,87.7,65.9,100.0,63.8,25.0,35.7,17|155,Illinois
79,0500000US17157,Randolph County,9187,491,205,286,499,1811,235,821,760,599,161,56,405,340,65,493,344,4,145,2122,517,1605,210,37,173,296,988,5385,452,177,275,467,1210,171,408,706,558,148,15,123,74,49,336,278,4,54,509,133,376,76,20,56,224,688,58.6,92.1,86.3,96.2,93.6,66.8,72.8,49.7,92.9,93.2,91.9,26.8,30.4,21.8,75.4,68.2,80.8,100.0,37.2,24.0,25.7,23.4,36.2,54.1,32.4,75.7,69.6,3802,39,28,11,32,601,64,413,54,41,13,41,282,266,16,157,66,0,91,1613,384,1229,134,17,117,72,300,41.4,7.9,13.7,3.8,6.4,33.2,27.2,50.3,7.1,6.8,8.1,73.2,69.6,78.2,24.6,31.8,19.2,0.0,62.8,76.0,74.3,76.6,63.8,45.9,67.6,24.3,30.4,17|157,Illinois
80,0500000US17159,Richland County,5003,301,265,36,243,1209,159,688,397,362,35,26,230,230,0,98,71,0,27,1127,303,824,175,3,172,192,158,2905,247,215,32,237,952,102,273,280,245,35,10,103,103,0,98,71,0,27,260,99,161,95,1,94,127,121,58.1,82.1,81.1,88.9,97.5,78.7,64.2,39.7,70.5,67.7,100.0,38.5,44.8,44.8,,100.0,100.0,,100.0,23.1,32.7,19.5,54.3,33.3,54.7,66.1,76.6,2098,54,50,4,6,257,57,415,117,117,0,16,127,127,0,0,0,0,0,867,204,663,80,2,78,65,37,41.9,17.9,18.9,11.1,2.5,21.3,35.8,60.3,29.5,32.3,0.0,61.5,55.2,55.2,,0.0,0.0,,0.0,76.9,67.3,80.5,45.7,66.7,45.3,33.9,23.4,17|159,Illinois
81,0500000US17161,Rock Island County,44424,615,549,66,2937,9138,1332,4579,3765,3065,700,365,3212,2287,925,3917,2096,85,1736,7999,2687,5312,2332,428,1904,1533,2700,25118,542,476,66,2524,6730,909,2689,2843,2400,443,230,1222,757,465,2117,1175,65,877,1500,741,759,1177,244,933,877,1758,56.5,88.1,86.7,100.0,85.9,73.6,68.2,58.7,75.5,78.3,63.3,63.0,38.0,33.1,50.3,54.0,56.1,76.5,50.5,18.8,27.6,14.3,50.5,57.0,49.0,57.2,65.1,19306,73,73,0,413,2408,423,1890,922,665,257,135,1990,1530,460,1800,921,20,859,6499,1946,4553,1155,184,971,656,942,43.5,11.9,13.3,0.0,14.1,26.4,31.8,41.3,24.5,21.7,36.7,37.0,62.0,66.9,49.7,46.0,43.9,23.5,49.5,81.2,72.4,85.7,49.5,43.0,51.0,42.8,34.9,17|161,Illinois
82,0500000US17163,"St, Clair County",84291,1001,710,291,4523,8689,2131,7787,7130,5727,1403,1450,6504,4828,1676,10704,6807,90,3807,19321,6814,12507,4967,1487,3480,2941,7143,44457,899,641,258,4058,5985,1509,4184,5000,4094,906,950,2694,1694,1000,6454,4040,32,2382,4651,1978,2673,2083,481,1602,1632,4358,52.7,89.8,90.3,88.7,89.7,68.9,70.8,53.7,70.1,71.5,64.6,65.5,41.4,35.1,59.7,60.3,59.4,35.6,62.6,24.1,29.0,21.4,41.9,32.3,46.0,55.5,61.0,39834,102,69,33,465,2704,622,3603,2130,1633,497,500,3810,3134,676,4250,2767,58,1425,14670,4836,9834,2884,1006,1878,1309,2785,47.3,10.2,9.7,11.3,10.3,31.1,29.2,46.3,29.9,28.5,35.4,34.5,58.6,64.9,40.3,39.7,40.6,64.4,37.4,75.9,71.0,78.6,58.1,67.7,54.0,44.5,39.0,17|163,Illinois
83,0500000US17165,Saline County,6746,495,222,273,335,825,48,683,444,392,52,109,249,194,55,353,207,5,141,2220,847,1373,193,18,175,142,650,3780,396,132,264,313,693,48,470,386,334,52,102,113,58,55,192,91,5,96,510,172,338,90,18,72,106,361,56.0,80.0,59.5,96.7,93.4,84.0,100.0,68.8,86.9,85.2,100.0,93.6,45.4,29.9,100.0,54.4,44.0,100.0,68.1,23.0,20.3,24.6,46.6,100.0,41.1,74.6,55.5,2966,99,90,9,22,132,0,213,58,58,0,7,136,136,0,161,116,0,45,1710,675,1035,103,0,103,36,289,44.0,20.0,40.5,3.3,6.6,16.0,0.0,31.2,13.1,14.8,0.0,6.4,54.6,70.1,0.0,45.6,56.0,0.0,31.9,77.0,79.7,75.4,53.4,0.0,58.9,25.4,44.5,17|165,Illinois
84,0500000US17167,Sangamon County,68644,1121,981,140,3398,4163,1861,5112,3492,2493,999,1013,5960,5249,711,6349,4431,54,1864,19433,6926,12507,3062,612,2450,2964,10716,36019,1001,871,130,3150,3298,1359,3139,2952,2081,871,556,2479,2136,343,3589,2472,27,1090,5693,2408,3285,1706,395,1311,1641,5456,52.5,89.3,88.8,92.9,92.7,79.2,73.0,61.4,84.5,83.5,87.2,54.9,41.6,40.7,48.2,56.5,55.8,50.0,58.5,29.3,34.8,26.3,55.7,64.5,53.5,55.4,50.9,32625,120,110,10,248,865,502,1973,540,412,128,457,3481,3113,368,2760,1959,27,774,13740,4518,9222,1356,217,1139,1323,5260,47.5,10.7,11.2,7.1,7.3,20.8,27.0,38.6,15.5,16.5,12.8,45.1,58.4,59.3,51.8,43.5,44.2,50.0,41.5,70.7,65.2,73.7,44.3,35.5,46.5,44.6,49.1,17|167,Illinois
85,0500000US17169,Schuyler County,2230,175,175,0,79,343,293,212,121,92,29,33,97,72,25,52,12,0,40,515,223,292,35,1,34,32,243,1187,156,156,0,74,221,178,67,87,74,13,33,36,21,15,40,0,0,40,143,45,98,19,0,19,9,124,53.2,89.1,89.1,,93.7,64.4,60.8,31.6,71.9,80.4,44.8,100.0,37.1,29.2,60.0,76.9,0.0,,100.0,27.8,20.2,33.6,54.3,0.0,55.9,28.1,51.0,1043,19,19,0,5,122,115,145,34,18,16,0,61,51,10,12,12,0,0,372,178,194,16,1,15,23,119,46.8,10.9,10.9,,6.3,35.6,39.2,68.4,28.1,19.6,55.2,0.0,62.9,70.8,40.0,23.1,100.0,,0.0,72.2,79.8,66.4,45.7,100.0,44.1,71.9,49.0,17|169,Illinois
86,0500000US17171,Scott County,1725,181,172,9,81,380,68,99,91,51,40,18,87,83,4,63,42,0,21,440,243,197,29,0,29,84,104,999,166,157,9,81,284,60,45,89,49,40,0,26,26,0,60,39,0,21,79,61,18,18,0,18,56,35,57.9,91.7,91.3,100.0,100.0,74.7,88.2,45.5,97.8,96.1,100.0,0.0,29.9,31.3,0.0,95.2,92.9,,100.0,18.0,25.1,9.1,62.1,,62.1,66.7,33.7,726,15,15,0,0,96,8,54,2,2,0,18,61,57,4,3,3,0,0,361,182,179,11,0,11,28,69,42.1,8.3,8.7,0.0,0.0,25.3,11.8,54.5,2.2,3.9,0.0,100.0,70.1,68.7,100.0,4.8,7.1,,0.0,82.0,74.9,90.9,37.9,,37.9,33.3,66.3,17|171,Illinois
87,0500000US17173,Shelby County,7282,453,406,47,404,1290,218,798,530,346,184,68,385,347,38,450,280,18,152,1677,447,1230,195,26,169,349,465,4151,430,383,47,391,929,180,441,366,225,141,35,98,60,38,249,129,3,117,405,80,325,106,14,92,215,306,57.0,94.9,94.3,100.0,96.8,72.0,82.6,55.3,69.1,65.0,76.6,51.5,25.5,17.3,100.0,55.3,46.1,16.7,77.0,24.2,17.9,26.4,54.4,53.8,54.4,61.6,65.8,3131,23,23,0,13,361,38,357,164,121,43,33,287,287,0,201,151,15,35,1272,367,905,89,12,77,134,159,43.0,5.1,5.7,0.0,3.2,28.0,17.4,44.7,30.9,35.0,23.4,48.5,74.5,82.7,0.0,44.7,53.9,83.3,23.0,75.8,82.1,73.6,45.6,46.2,45.6,38.4,34.2,17|173,Illinois
88,0500000US17175,Stark County,1821,118,118,0,151,350,71,226,79,60,19,38,121,113,8,95,36,18,41,411,130,281,43,7,36,81,37,1048,114,114,0,129,253,55,150,65,46,19,28,32,24,8,38,17,0,21,95,35,60,10,4,6,58,21,57.6,96.6,96.6,,85.4,72.3,77.5,66.4,82.3,76.7,100.0,73.7,26.4,21.2,100.0,40.0,47.2,0.0,51.2,23.1,26.9,21.4,23.3,57.1,16.7,71.6,56.8,773,4,4,0,22,97,16,76,14,14,0,10,89,89,0,57,19,18,20,316,95,221,33,3,30,23,16,42.4,3.4,3.4,,14.6,27.7,22.5,33.6,17.7,23.3,0.0,26.3,73.6,78.8,0.0,60.0,52.8,100.0,48.8,76.9,73.1,78.6,76.7,42.9,83.3,28.4,43.2,17|175,Illinois
89,0500000US17177,Stephenson County,14158,706,695,11,826,3402,418,1187,739,650,89,85,728,630,98,706,319,25,362,3761,1452,2309,521,31,490,792,287,7911,643,632,11,790,2488,322,565,633,544,89,68,198,109,89,320,170,1,149,1106,675,431,235,7,228,378,165,55.9,91.1,90.9,100.0,95.6,73.1,77.0,47.6,85.7,83.7,100.0,80.0,27.2,17.3,90.8,45.3,53.3,4.0,41.2,29.4,46.5,18.7,45.1,22.6,46.5,47.7,57.5,6247,63,63,0,36,914,96,622,106,106,0,17,530,521,9,386,149,24,213,2655,777,1878,286,24,262,414,122,44.1,8.9,9.1,0.0,4.4,26.9,23.0,52.4,14.3,16.3,0.0,20.0,72.8,82.7,9.2,54.7,46.7,96.0,58.8,70.6,53.5,81.3,54.9,77.4,53.5,52.3,42.5,17|177,Illinois
90,0500000US17179,Tazewell County,44509,890,812,78,3412,7647,1161,4477,2899,2325,574,302,3794,3063,731,3612,2201,204,1207,9801,2981,6820,2166,441,1725,2218,2130,26172,706,628,78,2892,6418,941,2451,2421,1929,492,236,1543,1205,338,2293,1312,66,915,2206,1165,1041,1324,365,959,1352,1389,58.8,79.3,77.3,100.0,84.8,83.9,81.1,54.7,83.5,83.0,85.7,78.1,40.7,39.3,46.2,63.5,59.6,32.4,75.8,22.5,39.1,15.3,61.1,82.8,55.6,61.0,65.2,18337,184,184,0,520,1229,220,2026,478,396,82,66,2251,1858,393,1319,889,138,292,7595,1816,5779,842,76,766,866,741,41.2,20.7,22.7,0.0,15.2,16.1,18.9,45.3,16.5,17.0,14.3,21.9,59.3,60.7,53.8,36.5,40.4,67.6,24.2,77.5,60.9,84.7,38.9,17.2,44.4,39.0,34.8,17|179,Illinois
91,0500000US17181,Union County,4548,84,62,22,400,490,38,521,321,259,62,15,172,136,36,172,101,0,71,1448,402,1046,156,42,114,236,495,2633,79,62,17,368,358,17,350,286,224,62,12,56,25,31,125,59,0,66,324,84,240,85,39,46,188,385,57.9,94.0,100.0,77.3,92.0,73.1,44.7,67.2,89.1,86.5,100.0,80.0,32.6,18.4,86.1,72.7,58.4,,93.0,22.4,20.9,22.9,54.5,92.9,40.4,79.7,77.8,1915,5,0,5,32,132,21,171,35,35,0,3,116,111,5,47,42,0,5,1124,318,806,71,3,68,48,110,42.1,6.0,0.0,22.7,8.0,26.9,55.3,32.8,10.9,13.5,0.0,20.0,67.4,81.6,13.9,27.3,41.6,,7.0,77.6,79.1,77.1,45.5,7.1,59.6,20.3,22.2,17|181,Illinois
92,0500000US17183,Vermilion County,22235,506,502,4,1419,4288,927,2437,1616,1463,153,132,1490,1227,263,1346,687,18,641,5196,1556,3640,1017,68,949,804,1057,12236,465,461,4,1262,3416,654,1232,1208,1100,108,60,449,273,176,654,270,12,372,1253,539,714,399,18,381,608,576,55.0,91.9,91.8,100.0,88.9,79.7,70.6,50.6,74.8,75.2,70.6,45.5,30.1,22.2,66.9,48.6,39.3,66.7,58.0,24.1,34.6,19.6,39.2,26.5,40.1,75.6,54.5,9999,41,41,0,157,872,273,1205,408,363,45,72,1041,954,87,692,417,6,269,3943,1017,2926,618,50,568,196,481,45.0,8.1,8.2,0.0,11.1,20.3,29.4,49.4,25.2,24.8,29.4,54.5,69.9,77.8,33.1,51.4,60.7,33.3,42.0,75.9,65.4,80.4,60.8,73.5,59.9,24.4,45.5,17|183,Illinois
93,0500000US17185,Wabash County,3677,318,82,236,221,680,166,334,239,126,113,38,132,101,31,267,148,0,119,924,328,596,52,0,52,116,190,2107,305,69,236,197,523,99,178,142,72,70,0,53,22,31,196,139,0,57,193,58,135,45,0,45,50,126,57.3,95.9,84.1,100.0,89.1,76.9,59.6,53.3,59.4,57.1,61.9,0.0,40.2,21.8,100.0,73.4,93.9,,47.9,20.9,17.7,22.7,86.5,,86.5,43.1,66.3,1570,13,13,0,24,157,67,156,97,54,43,38,79,79,0,71,9,0,62,731,270,461,7,0,7,66,64,42.7,4.1,15.9,0.0,10.9,23.1,40.4,46.7,40.6,42.9,38.1,100.0,59.8,78.2,0.0,26.6,6.1,,52.1,79.1,82.3,77.3,13.5,,13.5,56.9,33.7,17|185,Illinois
94,0500000US17187,Warren County,5253,325,319,6,124,954,229,538,596,551,45,10,234,127,107,216,93,5,118,1459,703,756,222,16,206,133,213,3008,302,301,1,110,666,176,290,475,437,38,8,124,22,102,181,71,0,110,353,248,105,78,16,62,131,114,57.3,92.9,94.4,16.7,88.7,69.8,76.9,53.9,79.7,79.3,84.4,80.0,53.0,17.3,95.3,83.8,76.3,0.0,93.2,24.2,35.3,13.9,35.1,100.0,30.1,98.5,53.5,2245,23,18,5,14,288,53,248,121,114,7,2,110,105,5,35,22,5,8,1106,455,651,144,0,144,2,99,42.7,7.1,5.6,83.3,11.3,30.2,23.1,46.1,20.3,20.7,15.6,20.0,47.0,82.7,4.7,16.2,23.7,100.0,6.8,75.8,64.7,86.1,64.9,0.0,69.9,1.5,46.5,17|187,Illinois
95,0500000US17189,Washington County,4998,431,307,124,351,985,120,462,404,309,95,19,282,276,6,323,135,0,188,1119,461,658,116,31,85,144,242,2862,399,278,121,340,667,101,247,342,259,83,11,55,50,5,176,79,0,97,249,125,124,42,16,26,121,112,57.3,92.6,90.6,97.6,96.9,67.7,84.2,53.5,84.7,83.8,87.4,57.9,19.5,18.1,83.3,54.5,58.5,,51.6,22.3,27.1,18.8,36.2,51.6,30.6,84.0,46.3,2136,32,29,3,11,318,19,215,62,50,12,8,227,226,1,147,56,0,91,870,336,534,74,15,59,23,130,42.7,7.4,9.4,2.4,3.1,32.3,15.8,46.5,15.3,16.2,12.6,42.1,80.5,81.9,16.7,45.5,41.5,,48.4,77.7,72.9,81.2,63.8,48.4,69.4,16.0,53.7,17|189,Illinois
96,0500000US17191,Wayne County,5130,567,400,167,186,972,102,631,408,352,56,53,155,125,30,251,184,0,67,1350,386,964,96,21,75,147,212,3102,515,353,162,174,727,88,454,332,289,43,34,69,48,21,135,94,0,41,287,98,189,70,16,54,73,144,60.5,90.8,88.3,97.0,93.5,74.8,86.3,71.9,81.4,82.1,76.8,64.2,44.5,38.4,70.0,53.8,51.1,,61.2,21.3,25.4,19.6,72.9,76.2,72.0,49.7,67.9,2028,52,47,5,12,245,14,177,76,63,13,19,86,77,9,116,90,0,26,1063,288,775,26,5,21,74,68,39.5,9.2,11.8,3.0,6.5,25.2,13.7,28.1,18.6,17.9,23.2,35.8,55.5,61.6,30.0,46.2,48.9,,38.8,78.7,74.6,80.4,27.1,23.8,28.0,50.3,32.1,17|191,Illinois
97,0500000US17193,White County,4336,568,200,368,248,797,124,275,283,230,53,61,201,153,48,315,143,0,172,933,406,527,179,61,118,177,175,2522,481,159,322,229,610,94,129,240,187,53,45,59,19,40,246,114,0,132,121,86,35,76,4,72,89,103,58.2,84.7,79.5,87.5,92.3,76.5,75.8,46.9,84.8,81.3,100.0,73.8,29.4,12.4,83.3,78.1,79.7,,76.7,13.0,21.2,6.6,42.5,6.6,61.0,50.3,58.9,1814,87,41,46,19,187,30,146,43,43,0,16,142,134,8,69,29,0,40,812,320,492,103,57,46,88,72,41.8,15.3,20.5,12.5,7.7,23.5,24.2,53.1,15.2,18.7,0.0,26.2,70.6,87.6,16.7,21.9,20.3,,23.3,87.0,78.8,93.4,57.5,93.4,39.0,49.7,41.1,17|193,Illinois
98,0500000US17195,Whiteside County,18273,581,527,54,1078,4862,624,1536,1174,832,342,86,786,683,103,1201,612,81,508,3815,1252,2563,735,123,612,713,1082,10923,539,485,54,963,3730,512,852,1014,678,336,25,320,272,48,610,330,0,280,822,373,449,499,60,439,474,563,59.8,92.8,92.0,100.0,89.3,76.7,82.1,55.5,86.4,81.5,98.2,29.1,40.7,39.8,46.6,50.8,53.9,0.0,55.1,21.5,29.8,17.5,67.9,48.8,71.7,66.5,52.0,7350,42,42,0,115,1132,112,684,160,154,6,61,466,411,55,591,282,81,228,2993,879,2114,236,63,173,239,519,40.2,7.2,8.0,0.0,10.7,23.3,17.9,44.5,13.6,18.5,1.8,70.9,59.3,60.2,53.4,49.2,46.1,100.0,44.9,78.5,70.2,82.5,32.1,51.2,28.3,33.5,48.0,17|195,Illinois
99,0500000US17197,Will County,253554,1144,873,271,17375,35078,9819,23078,26378,23031,3347,5228,20877,16874,4003,30199,20173,680,9346,51688,21154,30534,11217,3300,7917,9293,12180,147004,802,621,181,15926,25842,6768,14014,19976,17309,2667,3123,9996,7845,2151,18311,11841,334,6136,12952,6366,6586,5751,1992,3759,6118,7425,58.0,70.1,71.1,66.8,91.7,73.7,68.9,60.7,75.7,75.2,79.7,59.7,47.9,46.5,53.7,60.6,58.7,49.1,65.7,25.1,30.1,21.6,51.3,60.4,47.5,65.8,61.0,106550,342,252,90,1449,9236,3051,9064,6402,5722,680,2105,10881,9029,1852,11888,8332,346,3210,38736,14788,23948,5466,1308,4158,3175,4755,42.0,29.9,28.9,33.2,8.3,26.3,31.1,39.3,24.3,24.8,20.3,40.3,52.1,53.5,46.3,39.4,41.3,50.9,34.3,74.9,69.9,78.4,48.7,39.6,52.5,34.2,39.0,17|197,Illinois
100,0500000US17199,Williamson County,21097,742,417,325,1063,2221,648,1943,949,683,266,315,1820,1405,415,1144,620,15,509,6597,2707,3890,1191,158,1033,827,1637,11402,732,407,325,949,1700,463,1274,677,504,173,226,624,397,227,571,263,6,302,1941,1044,897,629,113,516,526,1090,54.0,98.7,97.6,100.0,89.3,76.5,71.5,65.6,71.3,73.8,65.0,71.7,34.3,28.3,54.7,49.9,42.4,40.0,59.3,29.4,38.6,23.1,52.8,71.5,50.0,63.6,66.6,9695,10,10,0,114,521,185,669,272,179,93,89,1196,1008,188,573,357,9,207,4656,1663,2993,562,45,517,301,547,46.0,1.3,2.4,0.0,10.7,23.5,28.5,34.4,28.7,26.2,35.0,28.3,65.7,71.7,45.3,50.1,57.6,60.0,40.7,70.6,61.4,76.9,47.2,28.5,50.0,36.4,33.4,17|199,Illinois
101,0500000US17201,Winnebago County,89494,511,474,37,5046,24557,3062,7977,5395,4621,774,1145,4190,3319,871,7664,4195,91,3378,19422,5847,13575,4123,670,3453,3768,2634,50383,457,420,37,4665,17834,2243,4554,4176,3562,614,743,1337,901,436,4147,2319,57,1771,4374,1770,2604,2296,414,1882,2190,1367,56.3,89.4,88.6,100.0,92.4,72.6,73.3,57.1,77.4,77.1,79.3,64.9,31.9,27.1,50.1,54.1,55.3,62.6,52.4,22.5,30.3,19.2,55.7,61.8,54.5,58.1,51.9,39111,54,54,0,381,6723,819,3423,1219,1059,160,402,2853,2418,435,3517,1876,34,1607,15048,4077,10971,1827,256,1571,1578,1267,43.7,10.6,11.4,0.0,7.6,27.4,26.7,42.9,22.6,22.9,20.7,35.1,68.1,72.9,49.9,45.9,44.7,37.4,47.6,77.5,69.7,80.8,44.3,38.2,45.5,41.9,48.1,17|201,Illinois
102,0500000US17203,Woodford County,12853,333,299,34,1004,2701,358,969,617,478,139,188,1034,890,144,1105,704,41,360,3237,1447,1790,351,74,277,539,417,7572,288,254,34,925,2084,290,562,520,417,103,113,390,341,49,638,448,10,180,858,486,372,243,58,185,418,243,58.9,86.5,84.9,100.0,92.1,77.2,81.0,58.0,84.3,87.2,74.1,60.1,37.7,38.3,34.0,57.7,63.6,24.4,50.0,26.5,33.6,20.8,69.2,78.4,66.8,77.6,58.3,5281,45,45,0,79,617,68,407,97,61,36,75,644,549,95,467,256,31,180,2379,961,1418,108,16,92,121,174,41.1,13.5,15.1,0.0,7.9,22.8,19.0,42.0,15.7,12.8,25.9,39.9,62.3,61.7,66.0,42.3,36.4,75.6,50.0,73.5,66.4,79.2,30.8,21.6,33.2,22.4,41.7,17|203,Illinois
